12.56, 246729, District 1 Marketplace, 16h
12.56, 246729, District 1 Marketplace, 16h
12.56, 246729, District 1 Marketplace, 16h
12.56, 246729, District 1 Marketplace, 16h
12.56, 246729, District 1 Marketplace, 16h
12.56, 246729, District 1 Marketplace, 16h
12.56, 246729, District 1 Marketplace, 16h
12.56, 246729, District 1 Marketplace, 16h
12.56, 246729, District 1 Marketplace, 16h
12.56, 246729, District 1 Marketplace, 16h
12.56, 246729, District 1 Marketplace, 16h
12.56, 246729, District 1 Marketplace, 16h
12.56, 246729, District 1 Marketplace, 16h
12.56, 246729, District 1 Marketplace, 16h
12.56, 246729, District 1 Marketplace, 16h
12.56, 246729, District 1 Marketplace, 16h
12.56, 246729, District 1 Marketplace, 16h
12.56, 246729, District 1 Marketplace, 16h
12.56, 246729, District 1 Marketplace, 16h
12.56, 246729, District 1 Marketplace, 16h
12.56, 246729, District 1 Marketplace, 16h
12.56, 246729, District 1 Marketplace, 16h
12.56, 246729, District 1 Marketplace, 16h
12.56, 246729, District 1 Marketplace, 16h
12.56, 246729, District 1 Marketplace, 16h
12.56, 246729, District 1 Marketplace, 16h
12.56, 246729, District 1 Marketplace, 16h
12.56, 246729, District 1 Marketplace, 16h
12.56, 246729, District 1 Marketplace, 16h
12.56, 246729, District 1 Marketplace, 16h
12.56, 246729, District 1 Marketplace, 16h
12.56, 246729, District 1 Marketplace, 16h
12.56, 246729, District 1 Marketplace, 16h
12.56, 246729, District 1 Marketplace, 16h
12.56, 246729, District 1 Marketplace, 16h
12.56, 246729, District 1 Marketplace, 16h
12.56, 246729, District 1 Marketplace, 16h
12.56, 246729, District 1 Marketplace, 16h
12.56, 246729, District 1 Marketplace, 16h
12.56, 246729, District 1 Marketplace, 16h
12.56, 246729, District 1 Marketplace, 16h
12.56, 246729, District 1 Marketplace, 16h
12.56, 246729, District 1 Marketplace, 16h
12.56, 246729, District 1 Marketplace, 16h
12.56, 246729, District 1 Marketplace, 16h
12.56, 246729, District 1 Marketplace, 16h
12.56, 246729, District 1 Marketplace, 16h
12.56, 246729, District 1 Marketplace, 16h
12.56, 246729, District 1 Marketplace, 16h
12.56, 246729, District 1 Marketplace, 16h
12.56, 246729, District 1 Marketplace, 16h
12.56, 246729, District 1 Marketplace, 16h
12.56, 246729, District 1 Marketplace, 16h
12.56, 365442, District 8 Marketplace, 3d
12.56, 365442, District 8 Marketplace, 3d
12.56, 365442, District 8 Marketplace, 3d
12.56, 365442, District 8 Marketplace, 3d
12.56, 365442, District 8 Marketplace, 3d
12.56, 365442, District 8 Marketplace, 3d
12.56, 365442, District 8 Marketplace, 3d
12.56, 365442, District 8 Marketplace, 3d
12.56, 365442, District 8 Marketplace, 3d
12.56, 365442, District 8 Marketplace, 3d
12.56, 365442, District 8 Marketplace, 3d
12.56, 365442, District 8 Marketplace, 3d
12.56, 365442, District 8 Marketplace, 3d
12.56, 365442, District 8 Marketplace, 3d
12.56, 365442, District 8 Marketplace, 3d
12.56, 365442, District 8 Marketplace, 3d
12.56, 365442, District 8 Marketplace, 3d
12.56, 365442, District 8 Marketplace, 3d
12.56, 365442, District 8 Marketplace, 3d
12.56, 365442, District 8 Marketplace, 3d
12.56, 365442, District 8 Marketplace, 3d
12.56, 365442, District 8 Marketplace, 3d
12.56, 365442, District 8 Marketplace, 3d
12.56, 365442, District 8 Marketplace, 3d
12.56, 365442, District 8 Marketplace, 3d
12.56, 365442, District 8 Marketplace, 3d
12.56, 365442, District 8 Marketplace, 3d
12.56, 365442, District 8 Marketplace, 3d
12.56, 365442, District 8 Marketplace, 3d
12.56, 365442, District 8 Marketplace, 3d
12.56, 365442, District 8 Marketplace, 3d
12.56, 365442, District 8 Marketplace, 3d
12.56, 365442, District 8 Marketplace, 3d
12.56, 365442, District 8 Marketplace, 3d
12.56, 365442, District 8 Marketplace, 3d
12.56, 365442, District 8 Marketplace, 3d
12.56, 365442, District 8 Marketplace, 3d
12.56, 365442, District 8 Marketplace, 3d
12.56, 365442, District 8 Marketplace, 3d
12.56, 365442, District 8 Marketplace, 3d
12.56, 365442, District 8 Marketplace, 3d
12.56, 365442, District 8 Marketplace, 3d
12.56, 365442, District 8 Marketplace, 3d
12.56, 365442, District 8 Marketplace, 3d
12.56, 365442, District 8 Marketplace, 3d
12.56, 365442, District 8 Marketplace, 3d
12.56, 365442, District 8 Marketplace, 3d
12.56, 365442, District 8 Marketplace, 3d
12.56, 365442, District 8 Marketplace, 3d
12.56, 365442, District 8 Marketplace, 3d
12.56, 365442, District 8 Marketplace, 3d
12.56, 365442, District 8 Marketplace, 3d
12.56, 365442, District 8 Marketplace, 3d
12.56, 365442, District 8 Marketplace, 3d
12.56, 365442, District 8 Marketplace, 3d
12.56, 365442, District 8 Marketplace, 3d
12.56, 365442, District 8 Marketplace, 3d
12.56, 365442, District 8 Marketplace, 3d
12.56, 365442, District 8 Marketplace, 3d
12.56, 365442, District 8 Marketplace, 3d
12.56, 365442, District 8 Marketplace, 3d
12.56, 365442, District 8 Marketplace, 3d
12.56, 365442, District 8 Marketplace, 3d
12.56, 365442, District 8 Marketplace, 3d
12.56, 365442, District 8 Marketplace, 3d
12.56, 365442, District 8 Marketplace, 3d
12.56, 463243, District 7 Marketplace, 3d
12.56, 463243, District 7 Marketplace, 3d
12.56, 463243, District 7 Marketplace, 3d
12.56, 463243, District 7 Marketplace, 3d
12.56, 463243, District 7 Marketplace, 3d
12.56, 463243, District 7 Marketplace, 3d
12.56, 463243, District 7 Marketplace, 3d
12.56, 463243, District 7 Marketplace, 3d
12.56, 463243, District 7 Marketplace, 3d
12.56, 463243, District 7 Marketplace, 3d
12.56, 463243, District 7 Marketplace, 3d
12.56, 463243, District 7 Marketplace, 3d
12.56, 463243, District 7 Marketplace, 3d
12.56, 463243, District 7 Marketplace, 3d
12.56, 463243, District 7 Marketplace, 3d
12.56, 463243, District 7 Marketplace, 3d
12.56, 463243, District 7 Marketplace, 3d
12.56, 463243, District 7 Marketplace, 3d
12.56, 463243, District 7 Marketplace, 3d
12.56, 463243, District 7 Marketplace, 3d
12.56, 463243, District 7 Marketplace, 3d
12.56, 463243, District 7 Marketplace, 3d
12.56, 463243, District 7 Marketplace, 3d
12.56, 463243, District 7 Marketplace, 3d
12.56, 463243, District 7 Marketplace, 3d
12.56, 463243, District 7 Marketplace, 3d
12.56, 463243, District 7 Marketplace, 3d
12.56, 463243, District 7 Marketplace, 3d
12.56, 463243, District 7 Marketplace, 3d
12.56, 463243, District 7 Marketplace, 3d
12.56, 463243, District 7 Marketplace, 3d
12.56, 463243, District 7 Marketplace, 3d
12.56, 463243, District 7 Marketplace, 3d
12.56, 463243, District 7 Marketplace, 3d
12.56, 463243, District 7 Marketplace, 3d
12.56, 463243, District 7 Marketplace, 3d
12.56, 463243, District 7 Marketplace, 3d
12.56, 463243, District 7 Marketplace, 3d
12.56, 463243, District 7 Marketplace, 3d
12.56, 463243, District 7 Marketplace, 3d
12.56, 463243, District 7 Marketplace, 3d
12.56, 463243, District 7 Marketplace, 3d
12.56, 463243, District 7 Marketplace, 3d
12.56, 463243, District 7 Marketplace, 3d
12.56, 463243, District 7 Marketplace, 3d
12.56, 463243, District 7 Marketplace, 3d
12.56, 463243, District 7 Marketplace, 3d
12.56, 463243, District 7 Marketplace, 3d
12.56, 463243, District 7 Marketplace, 3d
12.56, 463243, District 7 Marketplace, 3d
12.56, 463243, District 7 Marketplace, 3d
12.56, 463243, District 7 Marketplace, 3d
12.56, 463243, District 7 Marketplace, 3d
12.56, 463243, District 7 Marketplace, 3d
12.56, 463243, District 7 Marketplace, 3d
12.56, 463243, District 7 Marketplace, 3d
12.56, 463243, District 7 Marketplace, 3d
12.56, 463243, District 7 Marketplace, 3d
12.56, 463243, District 7 Marketplace, 3d
12.56, 463243, District 7 Marketplace, 3d
12.56, 463243, District 7 Marketplace, 3d
12.56, 463243, District 7 Marketplace, 3d
12.56, 463243, District 7 Marketplace, 3d
12.56, 463243, District 7 Marketplace, 3d
12.56, 463243, District 7 Marketplace, 3d
12.56, 463243, District 7 Marketplace, 3d
12.56, 463243, District 7 Marketplace, 3d
12.56, 463243, District 7 Marketplace, 3d
12.56, 8959, District 1 Marketplace, 6d
12.56, 8959, District 1 Marketplace, 6d
12.56, 8959, District 1 Marketplace, 6d
12.56, 8959, District 1 Marketplace, 6d
12.56, 8959, District 1 Marketplace, 6d
12.56, 8959, District 1 Marketplace, 6d
12.56, 8959, District 1 Marketplace, 6d
12.56, 8959, District 1 Marketplace, 6d
12.56, 8959, District 1 Marketplace, 6d
12.56, 8959, District 1 Marketplace, 6d
12.56, 8959, District 1 Marketplace, 6d
12.56, 8959, District 1 Marketplace, 6d
12.56, 8959, District 1 Marketplace, 6d
12.56, 8959, District 1 Marketplace, 6d
12.56, 8959, District 1 Marketplace, 6d
12.56, 8959, District 1 Marketplace, 6d
12.56, 8959, District 1 Marketplace, 6d
12.56, 8959, District 1 Marketplace, 6d
12.56, 8959, District 1 Marketplace, 6d
12.56, 8959, District 1 Marketplace, 6d
12.56, 8959, District 1 Marketplace, 6d
12.56, 8959, District 1 Marketplace, 6d
12.56, 8959, District 1 Marketplace, 6d
12.56, 8959, District 1 Marketplace, 6d
12.56, 8959, District 1 Marketplace, 6d
12.56, 8959, District 1 Marketplace, 6d
12.56, 8959, District 1 Marketplace, 6d
12.56, 8959, District 1 Marketplace, 6d
12.56, 8959, District 1 Marketplace, 6d
12.56, 8959, District 1 Marketplace, 6d
12.56, 8959, District 1 Marketplace, 6d
12.56, 8959, District 1 Marketplace, 6d
12.56, 8959, District 1 Marketplace, 6d
12.56, 8959, District 1 Marketplace, 6d
12.56, 8959, District 1 Marketplace, 6d
12.56, 8959, District 1 Marketplace, 6d
12.56, 8959, District 1 Marketplace, 6d
12.56, 8959, District 1 Marketplace, 6d
12.56, 8959, District 1 Marketplace, 6d
12.56, 8959, District 1 Marketplace, 6d
12.56, 8959, District 1 Marketplace, 6d
12.56, 8959, District 1 Marketplace, 6d
12.56, 8959, District 1 Marketplace, 6d
12.56, 8959, District 1 Marketplace, 6d
12.56, 8959, District 1 Marketplace, 6d
12.56, 8959, District 1 Marketplace, 6d
12.56, 8959, District 1 Marketplace, 6d
12.56, 8959, District 1 Marketplace, 6d
12.56, 8959, District 1 Marketplace, 6d
12.56, 8959, District 1 Marketplace, 6d
12.56, 8959, District 1 Marketplace, 6d
12.56, 8959, District 1 Marketplace, 6d
12.56, 8959, District 1 Marketplace, 6d
12.56, 8959, District 1 Marketplace, 6d
12.56, 8959, District 1 Marketplace, 6d
12.56, 8959, District 1 Marketplace, 6d
12.56, 8959, District 1 Marketplace, 6d
12.56, 8959, District 1 Marketplace, 6d
12.56, 8959, District 1 Marketplace, 6d
12.56, 8959, District 1 Marketplace, 6d
12.56, 8959, District 1 Marketplace, 6d
12.56, 8959, District 1 Marketplace, 6d
12.56, 8959, District 1 Marketplace, 6d
12.56, 8959, District 1 Marketplace, 6d
12.56, 8959, District 1 Marketplace, 6d
12.56, 8959, District 1 Marketplace, 6d
12.56, 246729, District 1 Marketplace, 16h
12.56, 246729, District 1 Marketplace, 16h
12.56, 246729, District 1 Marketplace, 16h
12.56, 246729, District 1 Marketplace, 16h
12.56, 246729, District 1 Marketplace, 16h
12.56, 246729, District 1 Marketplace, 16h
12.56, 246729, District 1 Marketplace, 16h
12.56, 246729, District 1 Marketplace, 16h
12.56, 246729, District 1 Marketplace, 16h
12.56, 246729, District 1 Marketplace, 16h
12.56, 246729, District 1 Marketplace, 16h
12.56, 246729, District 1 Marketplace, 16h
12.56, 246729, District 1 Marketplace, 16h
12.56, 246729, District 1 Marketplace, 16h
12.56, 246729, District 1 Marketplace, 16h
12.56, 246729, District 1 Marketplace, 16h
12.56, 246729, District 1 Marketplace, 16h
12.56, 246729, District 1 Marketplace, 16h
12.56, 246729, District 1 Marketplace, 16h
12.56, 246729, District 1 Marketplace, 16h
12.56, 246729, District 1 Marketplace, 16h
12.56, 246729, District 1 Marketplace, 16h
12.56, 246729, District 1 Marketplace, 16h
12.56, 246729, District 1 Marketplace, 16h
12.56, 246729, District 1 Marketplace, 16h
12.56, 246729, District 1 Marketplace, 16h
12.56, 246729, District 1 Marketplace, 16h
12.56, 246729, District 1 Marketplace, 16h
12.56, 246729, District 1 Marketplace, 16h
12.56, 246729, District 1 Marketplace, 16h
12.56, 246729, District 1 Marketplace, 16h
12.56, 246729, District 1 Marketplace, 16h
12.56, 246729, District 1 Marketplace, 16h
12.56, 246729, District 1 Marketplace, 16h
12.56, 246729, District 1 Marketplace, 16h
12.56, 246729, District 1 Marketplace, 16h
12.56, 246729, District 1 Marketplace, 16h
12.56, 246729, District 1 Marketplace, 16h
12.56, 246729, District 1 Marketplace, 16h
12.56, 246729, District 1 Marketplace, 16h
12.56, 246729, District 1 Marketplace, 16h
12.56, 246729, District 1 Marketplace, 16h
12.56, 246729, District 1 Marketplace, 16h
12.56, 246729, District 1 Marketplace, 16h
12.56, 246729, District 1 Marketplace, 16h
12.56, 246729, District 1 Marketplace, 16h
12.56, 246729, District 1 Marketplace, 16h
12.56, 246729, District 1 Marketplace, 16h
12.56, 246729, District 1 Marketplace, 16h
12.56, 246729, District 1 Marketplace, 16h
12.56, 246729, District 1 Marketplace, 16h
12.56, 246729, District 1 Marketplace, 16h
12.56, 246729, District 1 Marketplace, 16h
12.56, 246729, District 1 Marketplace, 16h
12.56, 246729, District 1 Marketplace, 16h
12.56, 246729, District 1 Marketplace, 16h
12.56, 246729, District 1 Marketplace, 16h
12.56, 246729, District 1 Marketplace, 16h
12.56, 246729, District 1 Marketplace, 16h
12.56, 246729, District 1 Marketplace, 16h
12.56, 246729, District 1 Marketplace, 16h
12.56, 246729, District 1 Marketplace, 16h
12.56, 246729, District 1 Marketplace, 16h
12.56, 246729, District 1 Marketplace, 16h
12.56, 246729, District 1 Marketplace, 16h
12.56, 246729, District 1 Marketplace, 16h
12.56, 204800, District 9 Marketplace, 3d
12.56, 204800, District 9 Marketplace, 3d
12.56, 204800, District 9 Marketplace, 3d
12.56, 204800, District 9 Marketplace, 3d
12.56, 204800, District 9 Marketplace, 3d
12.56, 204800, District 9 Marketplace, 3d
12.56, 204800, District 9 Marketplace, 3d
12.56, 204800, District 9 Marketplace, 3d
12.56, 204800, District 9 Marketplace, 3d
12.56, 204800, District 9 Marketplace, 3d
12.56, 204800, District 9 Marketplace, 3d
12.56, 204800, District 9 Marketplace, 3d
12.56, 204800, District 9 Marketplace, 3d
12.56, 204800, District 9 Marketplace, 3d
12.56, 204800, District 9 Marketplace, 3d
12.56, 204800, District 9 Marketplace, 3d
12.56, 204800, District 9 Marketplace, 3d
12.56, 204800, District 9 Marketplace, 3d
12.56, 204800, District 9 Marketplace, 3d
12.56, 204800, District 9 Marketplace, 3d
12.56, 204800, District 9 Marketplace, 3d
12.56, 204800, District 9 Marketplace, 3d
12.56, 204800, District 9 Marketplace, 3d
12.56, 204800, District 9 Marketplace, 3d
12.56, 204800, District 9 Marketplace, 3d
12.56, 204800, District 9 Marketplace, 3d
12.56, 204800, District 9 Marketplace, 3d
12.56, 204800, District 9 Marketplace, 3d
12.56, 204800, District 9 Marketplace, 3d
12.56, 204800, District 9 Marketplace, 3d
12.56, 204800, District 9 Marketplace, 3d
12.56, 204800, District 9 Marketplace, 3d
12.56, 204800, District 9 Marketplace, 3d
12.56, 204800, District 9 Marketplace, 3d
12.56, 204800, District 9 Marketplace, 3d
12.56, 204800, District 9 Marketplace, 3d
12.56, 204800, District 9 Marketplace, 3d
12.56, 204800, District 9 Marketplace, 3d
12.56, 204800, District 9 Marketplace, 3d
12.56, 204800, District 9 Marketplace, 3d
12.56, 204800, District 9 Marketplace, 3d
12.56, 204800, District 9 Marketplace, 3d
12.56, 204800, District 9 Marketplace, 3d
12.56, 204800, District 9 Marketplace, 3d
12.56, 204800, District 9 Marketplace, 3d
12.56, 204800, District 9 Marketplace, 3d
12.56, 204800, District 9 Marketplace, 3d
12.56, 204800, District 9 Marketplace, 3d
12.56, 204800, District 9 Marketplace, 3d
12.56, 204800, District 9 Marketplace, 3d
12.56, 204800, District 9 Marketplace, 3d
12.56, 204800, District 9 Marketplace, 3d
12.56, 204800, District 9 Marketplace, 3d
12.56, 204800, District 9 Marketplace, 3d
12.56, 204800, District 9 Marketplace, 3d
12.56, 204800, District 9 Marketplace, 3d
12.56, 204800, District 9 Marketplace, 3d
12.56, 204800, District 9 Marketplace, 3d
12.56, 204800, District 9 Marketplace, 3d
12.56, 204800, District 9 Marketplace, 3d
12.56, 204800, District 9 Marketplace, 3d
12.56, 204800, District 9 Marketplace, 3d
12.56, 204800, District 9 Marketplace, 3d
12.56, 204800, District 9 Marketplace, 3d
12.56, 204800, District 9 Marketplace, 3d
12.56, 204800, District 9 Marketplace, 3d
12.56, 209668, District 4 Marketplace, 3d
12.56, 209668, District 4 Marketplace, 3d
12.56, 209668, District 4 Marketplace, 3d
12.56, 209668, District 4 Marketplace, 3d
12.56, 209668, District 4 Marketplace, 3d
12.56, 209668, District 4 Marketplace, 3d
12.56, 209668, District 4 Marketplace, 3d
12.56, 209668, District 4 Marketplace, 3d
12.56, 209668, District 4 Marketplace, 3d
12.56, 209668, District 4 Marketplace, 3d
12.56, 209668, District 4 Marketplace, 3d
12.56, 209668, District 4 Marketplace, 3d
12.56, 209668, District 4 Marketplace, 3d
12.56, 209668, District 4 Marketplace, 3d
12.56, 209668, District 4 Marketplace, 3d
12.56, 209668, District 4 Marketplace, 3d
12.56, 209668, District 4 Marketplace, 3d
12.56, 209668, District 4 Marketplace, 3d
12.56, 209668, District 4 Marketplace, 3d
12.56, 209668, District 4 Marketplace, 3d
12.56, 209668, District 4 Marketplace, 3d
12.56, 209668, District 4 Marketplace, 3d
12.56, 209668, District 4 Marketplace, 3d
12.56, 209668, District 4 Marketplace, 3d
12.56, 209668, District 4 Marketplace, 3d
12.56, 209668, District 4 Marketplace, 3d
12.56, 209668, District 4 Marketplace, 3d
12.56, 209668, District 4 Marketplace, 3d
12.56, 209668, District 4 Marketplace, 3d
12.56, 209668, District 4 Marketplace, 3d
12.56, 209668, District 4 Marketplace, 3d
12.56, 209668, District 4 Marketplace, 3d
12.56, 209668, District 4 Marketplace, 3d
12.56, 209668, District 4 Marketplace, 3d
12.56, 209668, District 4 Marketplace, 3d
12.56, 209668, District 4 Marketplace, 3d
12.56, 209668, District 4 Marketplace, 3d
12.56, 209668, District 4 Marketplace, 3d
12.56, 209668, District 4 Marketplace, 3d
12.56, 209668, District 4 Marketplace, 3d
12.56, 209668, District 4 Marketplace, 3d
12.56, 209668, District 4 Marketplace, 3d
12.56, 209668, District 4 Marketplace, 3d
12.56, 209668, District 4 Marketplace, 3d
12.56, 209668, District 4 Marketplace, 3d
12.56, 209668, District 4 Marketplace, 3d
12.56, 209668, District 4 Marketplace, 3d
12.56, 209668, District 4 Marketplace, 3d
12.56, 209668, District 4 Marketplace, 3d
12.56, 209668, District 4 Marketplace, 3d
12.56, 209668, District 4 Marketplace, 3d
12.56, 209668, District 4 Marketplace, 3d
12.56, 209668, District 4 Marketplace, 3d
12.56, 209668, District 4 Marketplace, 3d
12.56, 209668, District 4 Marketplace, 3d
12.56, 209668, District 4 Marketplace, 3d
12.56, 209668, District 4 Marketplace, 3d
12.56, 209668, District 4 Marketplace, 3d
12.56, 209668, District 4 Marketplace, 3d
12.56, 209668, District 4 Marketplace, 3d
12.56, 209668, District 4 Marketplace, 3d
12.56, 209668, District 4 Marketplace, 3d
12.56, 209668, District 4 Marketplace, 3d
12.56, 209668, District 4 Marketplace, 3d
12.56, 209668, District 4 Marketplace, 3d
12.56, 209668, District 4 Marketplace, 3d
12.56, 209668, District 4 Marketplace, 3d
12.56, 209668, District 4 Marketplace, 3d
12.56, 209668, District 4 Marketplace, 3d
12.56, 209668, District 4 Marketplace, 3d
12.56, 209668, District 4 Marketplace, 3d
12.56, 209668, District 4 Marketplace, 3d
12.56, 209668, District 4 Marketplace, 3d
12.56, 209668, District 4 Marketplace, 3d
12.56, 209668, District 4 Marketplace, 3d
12.56, 209668, District 4 Marketplace, 3d
12.56, 209668, District 4 Marketplace, 3d
12.56, 209668, District 4 Marketplace, 3d
12.56, 209668, District 4 Marketplace, 3d
12.56, 209668, District 4 Marketplace, 3d
12.56, 209668, District 4 Marketplace, 3d
12.56, 209668, District 4 Marketplace, 3d
12.56, 209668, District 4 Marketplace, 3d
12.56, 209668, District 4 Marketplace, 3d
12.56, 209668, District 4 Marketplace, 3d
12.56, 209668, District 4 Marketplace, 3d
12.56, 209668, District 4 Marketplace, 3d
12.56, 209668, District 4 Marketplace, 3d
12.56, 209668, District 4 Marketplace, 3d
12.56, 209668, District 4 Marketplace, 3d
12.56, 209668, District 4 Marketplace, 3d
12.56, 209668, District 4 Marketplace, 3d
12.56, 209668, District 4 Marketplace, 3d
12.56, 209668, District 4 Marketplace, 3d
12.56, 209668, District 4 Marketplace, 3d
12.56, 209668, District 4 Marketplace, 3d
12.56, 209668, District 4 Marketplace, 3d
12.56, 209668, District 4 Marketplace, 3d
12.56, 209668, District 4 Marketplace, 3d
12.56, 209668, District 4 Marketplace, 3d
12.56, 209668, District 4 Marketplace, 3d
12.56, 209668, District 4 Marketplace, 3d
12.56, 209668, District 4 Marketplace, 3d
12.56, 209668, District 4 Marketplace, 3d
12.56, 209668, District 4 Marketplace, 3d
12.56, 209668, District 4 Marketplace, 3d
12.56, 209668, District 4 Marketplace, 3d
12.56, 209668, District 4 Marketplace, 3d
12.56, 209668, District 4 Marketplace, 3d
12.56, 209668, District 4 Marketplace, 3d
12.56, 209668, District 4 Marketplace, 3d
12.56, 209668, District 4 Marketplace, 3d
12.56, 209668, District 4 Marketplace, 3d
12.56, 209668, District 4 Marketplace, 3d
12.56, 209668, District 4 Marketplace, 3d
12.56, 209668, District 4 Marketplace, 3d
12.56, 209668, District 4 Marketplace, 3d
12.56, 209668, District 4 Marketplace, 3d
12.56, 209668, District 4 Marketplace, 3d
12.56, 209668, District 4 Marketplace, 3d
12.56, 209668, District 4 Marketplace, 3d
12.56, 209668, District 4 Marketplace, 3d
12.56, 209668, District 4 Marketplace, 3d
12.56, 209668, District 4 Marketplace, 3d
12.56, 209668, District 4 Marketplace, 3d
12.56, 209668, District 4 Marketplace, 3d
12.56, 209668, District 4 Marketplace, 3d
12.56, 209668, District 4 Marketplace, 3d
12.56, 209668, District 4 Marketplace, 3d
12.56, 209668, District 4 Marketplace, 3d
12.56, 209668, District 4 Marketplace, 3d
12.56, 246729, District 1 Marketplace, 16h
12.56, 246729, District 1 Marketplace, 16h
12.56, 246729, District 1 Marketplace, 16h
12.56, 246729, District 1 Marketplace, 16h
12.56, 246729, District 1 Marketplace, 16h
12.56, 246729, District 1 Marketplace, 16h
12.56, 246729, District 1 Marketplace, 16h
12.56, 246729, District 1 Marketplace, 16h
12.56, 246729, District 1 Marketplace, 16h
12.56, 246729, District 1 Marketplace, 16h
12.56, 246729, District 1 Marketplace, 16h
12.56, 246729, District 1 Marketplace, 16h
12.56, 246729, District 1 Marketplace, 16h
12.56, 246729, District 1 Marketplace, 16h
12.56, 246729, District 1 Marketplace, 16h
12.56, 246729, District 1 Marketplace, 16h
12.56, 246729, District 1 Marketplace, 16h
12.56, 246729, District 1 Marketplace, 16h
12.56, 246729, District 1 Marketplace, 16h
12.56, 246729, District 1 Marketplace, 16h
12.56, 246729, District 1 Marketplace, 16h
12.56, 246729, District 1 Marketplace, 16h
12.56, 246729, District 1 Marketplace, 16h
12.56, 246729, District 1 Marketplace, 16h
12.56, 246729, District 1 Marketplace, 16h
12.56, 246729, District 1 Marketplace, 16h
12.56, 246729, District 1 Marketplace, 16h
12.56, 246729, District 1 Marketplace, 16h
12.56, 246729, District 1 Marketplace, 16h
12.56, 246729, District 1 Marketplace, 16h
12.56, 246729, District 1 Marketplace, 16h
12.56, 246729, District 1 Marketplace, 16h
12.56, 246729, District 1 Marketplace, 16h
12.56, 246729, District 1 Marketplace, 16h
12.56, 246729, District 1 Marketplace, 16h
12.56, 246729, District 1 Marketplace, 16h
12.56, 246729, District 1 Marketplace, 16h
12.56, 246729, District 1 Marketplace, 16h
12.56, 246729, District 1 Marketplace, 16h
12.56, 246729, District 1 Marketplace, 16h
12.56, 246729, District 1 Marketplace, 16h
12.56, 246729, District 1 Marketplace, 16h
12.56, 246729, District 1 Marketplace, 16h
12.56, 246729, District 1 Marketplace, 16h
12.56, 246729, District 1 Marketplace, 16h
12.56, 246729, District 1 Marketplace, 16h
12.56, 246729, District 1 Marketplace, 16h
12.56, 246729, District 1 Marketplace, 16h
12.56, 246729, District 1 Marketplace, 16h
12.56, 246729, District 1 Marketplace, 16h
12.56, 246729, District 1 Marketplace, 16h
12.56, 246729, District 1 Marketplace, 16h
12.56, 246729, District 1 Marketplace, 16h
12.56, 246729, District 1 Marketplace, 16h
12.56, 246729, District 1 Marketplace, 16h
12.56, 246729, District 1 Marketplace, 16h
12.56, 246729, District 1 Marketplace, 16h
12.56, 246729, District 1 Marketplace, 16h
12.56, 246729, District 1 Marketplace, 16h
12.56, 246729, District 1 Marketplace, 16h
12.56, 246729, District 1 Marketplace, 16h
12.56, 246729, District 1 Marketplace, 16h
12.56, 246729, District 1 Marketplace, 16h
12.56, 246729, District 1 Marketplace, 16h
12.56, 246729, District 1 Marketplace, 16h
12.56, 209668, District 4 Marketplace, 3d
12.56, 209668, District 4 Marketplace, 3d
12.56, 209668, District 4 Marketplace, 3d
12.56, 209668, District 4 Marketplace, 3d
12.56, 209668, District 4 Marketplace, 3d
12.56, 209668, District 4 Marketplace, 3d
12.56, 209668, District 4 Marketplace, 3d
12.56, 209668, District 4 Marketplace, 3d
12.56, 209668, District 4 Marketplace, 3d
12.56, 209668, District 4 Marketplace, 3d
12.56, 209668, District 4 Marketplace, 3d
12.56, 209668, District 4 Marketplace, 3d
12.56, 209668, District 4 Marketplace, 3d
12.56, 209668, District 4 Marketplace, 3d
12.56, 209668, District 4 Marketplace, 3d
12.56, 209668, District 4 Marketplace, 3d
12.56, 209668, District 4 Marketplace, 3d
12.56, 209668, District 4 Marketplace, 3d
12.56, 209668, District 4 Marketplace, 3d
12.56, 209668, District 4 Marketplace, 3d
12.56, 209668, District 4 Marketplace, 3d
12.56, 209668, District 4 Marketplace, 3d
12.56, 209668, District 4 Marketplace, 3d
12.56, 209668, District 4 Marketplace, 3d
12.56, 209668, District 4 Marketplace, 3d
12.56, 209668, District 4 Marketplace, 3d
12.56, 209668, District 4 Marketplace, 3d
12.56, 209668, District 4 Marketplace, 3d
12.56, 209668, District 4 Marketplace, 3d
12.56, 209668, District 4 Marketplace, 3d
12.56, 209668, District 4 Marketplace, 3d
12.56, 209668, District 4 Marketplace, 3d
12.56, 209668, District 4 Marketplace, 3d
12.56, 209668, District 4 Marketplace, 3d
12.56, 209668, District 4 Marketplace, 3d
12.56, 209668, District 4 Marketplace, 3d
12.56, 209668, District 4 Marketplace, 3d
12.56, 209668, District 4 Marketplace, 3d
12.56, 209668, District 4 Marketplace, 3d
12.56, 209668, District 4 Marketplace, 3d
12.56, 209668, District 4 Marketplace, 3d
12.56, 209668, District 4 Marketplace, 3d
12.56, 209668, District 4 Marketplace, 3d
12.56, 209668, District 4 Marketplace, 3d
12.56, 209668, District 4 Marketplace, 3d
12.56, 209668, District 4 Marketplace, 3d
12.56, 209668, District 4 Marketplace, 3d
12.56, 209668, District 4 Marketplace, 3d
12.56, 209668, District 4 Marketplace, 3d
12.56, 209668, District 4 Marketplace, 3d
12.56, 209668, District 4 Marketplace, 3d
12.56, 209668, District 4 Marketplace, 3d
12.56, 209668, District 4 Marketplace, 3d
12.56, 209668, District 4 Marketplace, 3d
12.56, 209668, District 4 Marketplace, 3d
12.56, 209668, District 4 Marketplace, 3d
12.56, 209668, District 4 Marketplace, 3d
12.56, 209668, District 4 Marketplace, 3d
12.56, 209668, District 4 Marketplace, 3d
12.56, 209668, District 4 Marketplace, 3d
12.56, 209668, District 4 Marketplace, 3d
12.56, 209668, District 4 Marketplace, 3d
12.56, 209668, District 4 Marketplace, 3d
12.56, 209668, District 4 Marketplace, 3d
12.56, 209668, District 4 Marketplace, 3d
12.56, 209668, District 4 Marketplace, 3d
12.56, 246729, District 1 Marketplace, 16h
12.56, 246729, District 1 Marketplace, 16h
12.56, 246729, District 1 Marketplace, 16h
12.56, 246729, District 1 Marketplace, 16h
12.56, 246729, District 1 Marketplace, 16h
12.56, 246729, District 1 Marketplace, 16h
12.56, 246729, District 1 Marketplace, 16h
12.56, 246729, District 1 Marketplace, 16h
12.56, 246729, District 1 Marketplace, 16h
12.56, 246729, District 1 Marketplace, 16h
12.56, 246729, District 1 Marketplace, 16h
12.56, 246729, District 1 Marketplace, 16h
12.56, 246729, District 1 Marketplace, 16h
12.56, 246729, District 1 Marketplace, 16h
12.56, 246729, District 1 Marketplace, 16h
12.56, 246729, District 1 Marketplace, 16h
12.56, 246729, District 1 Marketplace, 16h
12.56, 246729, District 1 Marketplace, 16h
12.56, 246729, District 1 Marketplace, 16h
12.56, 246729, District 1 Marketplace, 16h
12.56, 246729, District 1 Marketplace, 16h
12.56, 246729, District 1 Marketplace, 16h
12.56, 246729, District 1 Marketplace, 16h
12.56, 246729, District 1 Marketplace, 16h
12.56, 246729, District 1 Marketplace, 16h
12.56, 246729, District 1 Marketplace, 16h
12.56, 246729, District 1 Marketplace, 16h
12.56, 246729, District 1 Marketplace, 16h
12.56, 246729, District 1 Marketplace, 16h
12.56, 246729, District 1 Marketplace, 16h
12.56, 246729, District 1 Marketplace, 16h
12.56, 246729, District 1 Marketplace, 16h
12.56, 246729, District 1 Marketplace, 16h
12.56, 246729, District 1 Marketplace, 16h
12.56, 246729, District 1 Marketplace, 16h
12.56, 246729, District 1 Marketplace, 16h
12.56, 246729, District 1 Marketplace, 16h
12.56, 246729, District 1 Marketplace, 16h
12.56, 246729, District 1 Marketplace, 16h
12.56, 246729, District 1 Marketplace, 16h
12.56, 246729, District 1 Marketplace, 16h
12.56, 246729, District 1 Marketplace, 16h
12.56, 246729, District 1 Marketplace, 16h
12.56, 246729, District 1 Marketplace, 16h
12.56, 246729, District 1 Marketplace, 16h
12.56, 246729, District 1 Marketplace, 16h
12.56, 246729, District 1 Marketplace, 16h
12.56, 246729, District 1 Marketplace, 16h
12.57, 111158, District 5 Marketplace, 7d
12.70, 1480, Sanctuary 2 Marketplace, 5d
13.21, 43845, Sanctuary 2 Marketplace 86, d
13.40, 3243, Sanctuary 7 Marketplace, 6d
15.10, 204, Sanctuary 1 Marketplace, 3d
