11.67, 200444, District 1 Marketplace, 73d
12.24, 195677, District 1 Marketplace, 73d
10, 100000, District 1 Marketplace, 30d
0.18, 1001, District 1 Marketplace, 77d
12.33, 200003, District 1 Marketplace, 73d
11.94, 201981, District 1 Marketplace, 73d
14.20, 691010, District 1 Marketplace, 26d
14.22, 59101, District 1 Marketplace, 6d
12.50, 61580, District 1 Marketplace, 73d
14.23, 20000, District 1 Marketplace, 3d
13.03, 35087, District 10 Marketplace, 3d
12.24, 200035, District 10 Marketplace, 73d
11.67, 200444, District 10 Marketplace, 73d
11.94, 201981, District 10 Marketplace, 73d
10, 100000, District 10 Marketplace, 30d
0.18, 1003, District 10 Marketplace, 77d
14.01, 20000, District 10 Marketplace, 3d
12.33, 85812, District 10 Marketplace, 73d
14, 100000, District 10 Marketplace, 7d
0.01, 10000, District 2 Marketplace, 89d
11.67, 186208, District 2 Marketplace, 73d
12.01, 20000, District 2 Marketplace, 3d
12, 195766, District 2 Marketplace, 3d
11.94, 149020, District 2 Marketplace, 73d
14.22, 66788, District 3 Marketplace, 6d
12.24, 199467, District 3 Marketplace, 73d
13.50, 22578, District 3 Marketplace, 6d
11.67, 200433, District 3 Marketplace, 73d
12.51, 100000, District 3 Marketplace, 87d
14.30, 18721, District 3 Marketplace, 16h
14.31, 20000, District 3 Marketplace, 3d
14.31, 20000, District 3 Marketplace, 3d
13.01, 60553, District 3 Marketplace, Sh
12.33, 199957, District 3 Marketplace, 73d
13.03, 197673, District 3 Marketplace, 89d
12.50, 28280, District 3 Marketplace, 73d
13.50, 57218, District 4 Marketplace, 24d
14.23, 20000, District 4 Marketplace, 3d
12.50, 15125, District 4 Marketplace, 73d
14.22, 17740, District 4 Marketplace, 6d
12.24, 200035, District 4 Marketplace, 73d
11.94, 201981, District 4 Marketplace, 73d
11.67, 200444, District 4 Marketplace, 73d
12.33, 200003, District 4 Marketplace, 73d
14.02, 63199, District 4 Marketplace, 17h
11.67, 200444, District 5 Marketplace, 73d
12.24, 200035, District 5 Marketplace, 73d
11.94, 201981, District 5 Marketplace, 73d
12.53, 493014, District 5 Marketplace, 6d
12.33, 200003, District 5 Marketplace, 73d
12.50, 192094, District 5 Marketplace, 73d
12.52, 16149, District 5 Marketplace, Bid
14.55, 13769, District 5 Marketplace, 3d
14.54, 35587, District 5 Marketplace, 6d
15, 152982, District 6 Marketplace, 3h
15.90, 251224, District 6 Marketplace, 20h
5, 20000, District 6 Marketplace, 26h
15, 5500, District 6 Marketplace, 7d
15.80, 51178, District 6 Marketplace, 18h
12, 494000, District 6 Marketplace, 4d
11.67, 116713, District 6 Marketplace, 73d
5, 1000000, District 6 Marketplace, 27d
14.20, 200000, District 6 Marketplace, 2h
15.75, 18706, District 6 Marketplace, 2d
14, 45840, District 6 Marketplace, 5d
15.50, 140454, District 6 Marketplace, 6h
14.01, 210000, District 6 Marketplace, 37h
14.50, 15318, District 6 Marketplace, 34h
5.50, 1000000, District 6 Marketplace, 36h
13.01, 8375, District 7 Marketplace, 3d
13, 262177, District 7 Marketplace, 6d
8, 137747, District 7 Marketplace, 89d
13.01, 15295, District 8 Marketplace, 3d
13, 73822, District 8 Marketplace, 7d
11.94, 80629, District 8 Marketplace, 73d
11.67, 199090, District 8 Marketplace, 73d
12.33, 12223, District 9 Marketplace, 73d
14.30, 20000, District 9 Marketplace, 16h
11.67, 200444, District 9 Marketplace, 73d
13, 87691, District 9 Marketplace, 7d
10, 100000, District 9 Marketplace, 30d
14.25, 1228, District 9 Marketplace, 30d
19, 116533, District 9 Marketplace, 7d
11.94, 201981, District 9 Marketplace, 73d
12.24, 195235, District 9 Marketplace, 73d
11, 3306, District 9 Marketplace, 29h
11.94, 201981, Marketplace 1 Alioth Moon 1, 73d
11.67, 200444, Marketplace 1 Alioth Moon 1, 73d
12.33, 70198, Marketplace 1 Alioth Moon 1, 73d
12.24, 181312, Marketplace 1 Alioth Moon 1, 73d
11.67, 200444, Marketplace 1 Feli Moon 1, 73d
12.50, 169389, Marketplace 1 Feli Moon 1, 73d
12.24, 200035, Marketplace 1 Feli Moon 1, 73d
12.33, 200003, Marketplace 1 Feli Moon 1, 73d
11.94, 201981, Marketplace 1 Feli Moon 1, 73d
11.67, 200444, Marketplace 1 lon Moon 1, 73d
12.33, 200003, Marketplace 1 lon Moon 1, 73d
11.94, 201981, Marketplace 1 lon Moon 1, 73d
12.24, 200035, Marketplace 1 lon Moon 1, 73d
12.50, 198206, Marketplace 1 lon Moon 1, 73d
11.67, 200444, Marketplace 1 lon Moon 2, 73d
12.50, 68861, Marketplace 1 lon Moon 2, 73d
12.33, 200003, Marketplace 1 lon Moon 2, 73d
12.24, 200035, Marketplace 1 lon Moon 2, 73d
11.94, 201981, Marketplace 1 lon Moon 2, 73d
12.50, 201560, Marketplace 1 Lacobus Moon 1, 73d
12.33, 200003, Marketplace 1 Lacobus Moon 1, 73d
11.94, 201981, Marketplace 1 Lacobus Moon 1, 73d
12.24, 200035, Marketplace 1 Lacobus Moon 1, 73d
11.67, 200444, Marketplace 1 Lacobus Moon 1, 73d
12.24, 200035, Marketplace 1 Lacobus Moon 2, 73d
12.50, 201560, Marketplace 1 Lacobus Moon 2, 73d
11.67, 200444, Marketplace 1 Lacobus Moon 2, 73d
12.33, 200003, Marketplace 1 Lacobus Moon 2, 73d
11.94, 201981, Marketplace 1 Lacobus Moon 2, 73d
11.94, 201981, Marketplace 1 Lacobus Moon 3, 73d
12.24, 200035, Marketplace 1 Lacobus Moon 3, 73d
12.50, 201560, Marketplace 1 Lacobus Moon 3, 73d
12.33, 200003, Marketplace 1 Lacobus Moon 3, 73d
11.67, 200444, Marketplace 1 Lacobus Moon 3, 73d
11.67, 200444, Marketplace 1 Madis Moon 1, 73d
12.33, 196075, Marketplace 1 Madis Moon 1, 73d
12.50, 94924, Marketplace 1 Madis Moon 1, 73d
12.33, 196075, Marketplace 1 Madis Moon 1, 73d
11.67, 200444, Marketplace 1 Madis Moon 1, 73d
11.67, 200444, Marketplace 1 Madis Moon 2, 73d
12.24, 200035, Marketplace 1 Madis Moon 2, 73d
11.94, 201981, Marketplace 1 Madis Moon 2, 73d
12.33, 10080, Marketplace 1 Madis Moon 2, 73d
11.67, 200444, Marketplace 1 Madis Moon 3, 73d
12.24, 165345, Marketplace 1 Madis Moon 3, 73d
12.33, 143452, Marketplace 1 Madis Moon 3, 73d
11.94, 201981, Marketplace 1 Madis Moon 3, 73d
12.33, 200003, Marketplace 1 Sinnen Moon 1, 73d
11.94, 201981, Marketplace 1 Sinnen Moon 1, 73d
12.50, 159573, Marketplace 1 Sinnen Moon 1, 73d
12.24, 200035, Marketplace 1 Sinnen Moon 1, 73d
11.67, 200444, Marketplace 1 Sinnen Moon 1, 73d
11.94, 72987, Marketplace 1 Talemai Moon 1, 73d
11.67, 200444, Marketplace 1 Talemai Moon 1, 73d
11.67, 200444, Marketplace 1 Talemai Moon 2, 73d
12.50, 167054, Marketplace 1 Talemai Moon 2, 73d
12.33, 200003, Marketplace 1 Talemai Moon 2, 73d
12.24, 200035, Marketplace 1 Talemai Moon 2, 73d
11.94, 201981, Marketplace 1 Talemai Moon 2, 73d
12.50, 26699, Marketplace 1 Talemai Moon 3, 73d
12.33, 200003, Marketplace 1 Talemai Moon 3, 73d
11.67, 200444, Marketplace 1 Talemai Moon 3, 73d
11.94, 201981, Marketplace 1 Talemai Moon 3, 73d
12.24, 200035, Marketplace 1 Talemai Moon 3, 73d
11.94, 41015, Marketplace 1 Thades Moon 2, 73d
11.67, 196056, Marketplace 1 Thades Moon 2, 73d
13, 10000, Marketplace 11 Sanctuary, 77d
12.50, 118352, Marketplace 11 Sanctuary, 73d
10, 5000, Marketplace 11 Sanctuary, 7d
12.24, 200035, Marketplace 11 Sanctuary, 73d
11.94, 201981, Marketplace 11 Sanctuary, 73d
16.01, 33103, Marketplace 11 Sanctuary, 89d
11.67, 200444, Marketplace 11 Sanctuary, 73d
0.10, 100000, Marketplace 11 Sanctuary, 89d
16, 6162, Marketplace 11 Sanctuary 88, d
12.33, 199543, Marketplace 11 Sanctuary, 73d
16.02, 97829, Marketplace 11 Sanctuary, 30d
12.50, 23659, Marketplace 12 Sanctuary Moon, 73d
11.94, 201981, Marketplace 12 Sanctuary Moon, 73d
11.67, 200444, Marketplace 12 Sanctuary Moon, 73d
13.01, 99365, Marketplace 12 Sanctuary Moon, 30d
13, 26226, Marketplace 12 Sanctuary Moon, 5d
12.33, 199683, Marketplace 12 Sanctuary Moon, 73d
12.24, 200035, Marketplace 12 Sanctuary Moon, 73d
11.94, 201981, Marketplace 13 Sanctuary Moon, 73d
12.33, 173392, Marketplace 13 Sanctuary Moon, 73d
12.24, 199875, Marketplace 13 Sanctuary Moon, 73d
15, 99490, Marketplace 13 Sanctuary Moon, 30d
11.67, 200444, Marketplace 13 Sanctuary Moon, 73d
12.50, 10371, Marketplace 14 Sanctuary Moon, 73d
15, 99880, Marketplace 14 Sanctuary Moon, 30d
12.33, 200003, Marketplace 14 Sanctuary Moon, 73d
11.94, 201981, Marketplace 14 Sanctuary Moon, 73d
12.30, 5000, Marketplace 14 Sanctuary Moon, 23d
12.24, 199975, Marketplace 14 Sanctuary Moon, 73d
11.67, 200444, Marketplace 14 Sanctuary Moon, 73d
12.33, 192966, Marketplace 15 Sanctuary Moon, 73d
11.67, 200444, Marketplace 15 Sanctuary Moon, 73d
12.41, 105, Marketplace 15 Sanctuary Moon, 6d
12.40, 6523, Marketplace 15 Sanctuary Moon, 6d
11.94, 201981, Marketplace 15 Sanctuary Moon, 73d
12.24, 199775, Marketplace 15 Sanctuary Moon, 73d
11.67, 200444, Marketplace 16 Sanctuary Moon, 73d
12.35, 73921, Marketplace 16 Sanctuary Moon, 89d
12.33, 166177, Marketplace 16 Sanctuary Moon, 73d
12.24, 200035, Marketplace 16 Sanctuary Moon, 73d
11.94, 201981, Marketplace 16 Sanctuary Moon, 73d
15, 96626, Marketplace 16 Sanctuary Moon, 30d
12.40, 15173, Marketplace 16 Sanctuary Moon, 6d
12.33, 192751, Marketplace 17 Sanctuary Moon, 73d
10, 10000, Marketplace 17 Sanctuary Moon, 7d
11.94, 201981, Marketplace 17 Sanctuary Moon, 73d
11.67, 200444, Marketplace 17 Sanctuary Moon, 73d
19.11, 395551, Marketplace 17 Sanctuary Moon, 30d
12.24, 196117, Marketplace 17 Sanctuary Moon, 73d
12.33, 200003, Marketplace 18 Sanctuary Moon, 73d
12.51, 1670, Marketplace 18 Sanctuary Moon, 4d
12.24, 200035, Marketplace 18 Sanctuary Moon, 73d
15, 97640, Marketplace 18 Sanctuary Moon, 30d
11.94, 201981, Marketplace 18 Sanctuary Moon, 73d
11.67, 200444, Marketplace 18 Sanctuary Moon, 73d
12.52, 33689, Marketplace 18 Sanctuary Moon, 27d
12.50, 54939, Marketplace 18 Sanctuary Moon, 73d
15, 665, Marketplace 19 Sanctuary Moon, 7h
15.01, 100000, Marketplace 19 Sanctuary Moon, 30d
12.33, 200003, Marketplace 19 Sanctuary Moon, 73d
11.94, 201981, Marketplace 19 Sanctuary Moon, 73d
12.51, 47164, Marketplace 19 Sanctuary Moon, 27d
12.50, 97104, Marketplace 19 Sanctuary Moon, 73d
11.67, 200444, Marketplace 19 Sanctuary Moon, 73d
12.24, 200035, Marketplace 19 Sanctuary Moon, 73d
14, 197, Marketplace 19 Sanctuary Moon, 28d
11.67, 200444, Marketplace 2 Alioth Moon 1, 73d
12.24, 36869, Marketplace 2 Alioth Moon 1, 73d
11.94, 201981, Marketplace 2 Alioth Moon 1, 73d
11.67, 200444, Marketplace 2 Feli Moon 1, 73d
11.94, 201981, Marketplace 2 Feli Moon 1, 73d
12.33, 200003, Marketplace 2 Feli Moon 1, 73d
12.24, 200035, Marketplace 2 Feli Moon 1, 73d
12.50, 127032, Marketplace 2 Feli Moon 1, 73d
12.24, 200035, Marketplace 2 lon Moon 1, 73d
12.33, 200003, Marketplace 2 lon Moon 1, 73d
11.94, 201981, Marketplace 2 lon Moon 1, 73d
11.67, 200444, Marketplace 2 lon Moon 1, 73d
12.50, 184533, Marketplace 2 lon Moon 1, 73d
11.67, 200444, Marketplace 2 lon Moon 2, 73d
12.24, 34676, Marketplace 2 lon Moon 2, 73d
11.94, 201981, Marketplace 2 lon Moon 2, 73d
12.50, 200830, Marketplace 2 Lacobus Moon 1, 73d
11.94, 201981, Marketplace 2 Lacobus Moon 1, 73d
12.24, 200035, Marketplace 2 Lacobus Moon 1, 73d
11.67, 200444, Marketplace 2 Lacobus Moon 1, 73d
12.33, 200003, Marketplace 2 Lacobus Moon 1, 73d
12.33, 200003, Marketplace 2 Lacobus Moon 2, 73d
12.24, 200035, Marketplace 2 Lacobus Moon 2, 73d
11.67, 200444, Marketplace 2 Lacobus Moon 2, 73d
12.50, 201560, Marketplace 2 Lacobus Moon 2, 73d
11.94, 201981, Marketplace 2 Lacobus Moon 2, 73d
11.67, 200444, Marketplace 2 Lacobus Moon 3, 73d
12.24, 200035, Marketplace 2 Lacobus Moon 3, 73d
11.94, 201981, Marketplace 2 Lacobus Moon 3, 73d
12.33, 200003, Marketplace 2 Lacobus Moon 3, 73d
12.50, 201560, Marketplace 2 Lacobus Moon 3, 73d
12.33, 200003, Marketplace 2 Madis Moon 1, 73d
12.50, 192030, Marketplace 2 Madis Moon 1, 73d
12.24, 200035, Marketplace 2 Madis Moon 1, 73d
11.94, 201981, Marketplace 2 Madis Moon 1, 73d
11.67, 200444, Marketplace 2 Madis Moon 1, 73d
12.33, 131075, Marketplace 2 Madis Moon 2, 73d
12.24, 175066, Marketplace 2 Madis Moon 2, 73d
11.94, 201981, Marketplace 2 Madis Moon 2, 73d
11.67, 200444, Marketplace 2 Madis Moon 2, 73d
12.33, 200003, Marketplace 2 Madis Moon 3, 73d
12.50, 157190, Marketplace 2 Madis Moon 3, 73d
11.94, 201981, Marketplace 2 Madis Moon 3, 73d
11.67, 200444, Marketplace 2 Madis Moon 3, 73d
12.24, 200035, Marketplace 2 Madis Moon 3, 73d
11.67, 200444, Marketplace 2 Sinnen Moon 1, 73d
11.94, 201981, Marketplace 2 Sinnen Moon 1, 73d
12.24, 200035, Marketplace 2 Sinnen Moon 1, 73d
12.33, 200003, Marketplace 2 Sinnen Moon 1, 73d
12.50, 82213, Marketplace 2 Talemai Moon 1, 73d
12.33, 200003, Marketplace 2 Talemai Moon 1, 73d
11.67, 200444, Marketplace 2 Talemai Moon 1, 73d
11.94, 201981, Marketplace 2 Talemai Moon 1, 73d
12.24, 200035, Marketplace 2 Talemai Moon 1, 73d
11.94, 201981, Marketplace 2 Talemai Moon 2, 73d
11.67, 200444, Marketplace 2 Talemai Moon 2, 73d
12.33, 200003, Marketplace 2 Talemai Moon 2, 73d
12.24, 200035, Marketplace 2 Talemai Moon 2, 73d
12.50, 4625, Marketplace 2 Talemai Moon 2, 73d
12.33, 200003, Marketplace 2 Talemai Moon 3, 73d
12.50, 105069, Marketplace 2 Talemai Moon 3, 73d
11.67, 200444, Marketplace 2 Talemai Moon 3, 73d
11.94, 201981, Marketplace 2 Talemai Moon 3, 73d
12.24, 200035, Marketplace 2 Talemai Moon 3, 73d
11.94, 201981, Marketplace 2 Thades Moon 2, 73d
11.67, 200444, Marketplace 2 Thades Moon 2, 73d
12.24, 85602, Marketplace 2 Thades Moon 2, 73d
11.67, 200444, Marketplace 20 Sanctuary Moon, 73d
11.94, 201981, Marketplace 20 Sanctuary Moon, 73d
12.24, 200035, Marketplace 20 Sanctuary Moon, 73d
12.33, 200003, Marketplace 20 Sanctuary Moon, 73d
12.50, 94872, Marketplace 20 Sanctuary Moon, 73d
12.60, 4000, Marketplace 20 Sanctuary Moon, 30d
10, 9424, Marketplace Alioth 11, 29d
12.60, 25845, Marketplace Alioth 12, 29d
12.50, 31443, Marketplace Alioth 12, 73d
11.94, 201981, Marketplace Alioth 12, 73d
12.24, 200035, Marketplace Alioth 12, 73d
12.33, 200003, Marketplace Alioth 12, 73d
11.67, 200444, Marketplace Alioth 12, 73d
12.24, 49616, Marketplace Alioth 13, 73d
13, 5637, Marketplace Alioth 13, 6d
11.94, 201981, Marketplace Alioth 13, 73d
11.67, 200444, Marketplace Alioth 13, 73d
12.05, 50000, Marketplace Alioth 14, 4h
12.60, 22874, Marketplace Alioth 14, 29d
12.65, 20000, Marketplace Alioth 15, 20h
11.68, 6088, Marketplace Alioth 15, 2d
11.67, 189084, Marketplace Alioth 15, 73d
12.60, 30000, Marketplace Alioth 15, 29d
12.33, 70785, Marketplace Alioth 16, 73d
11.94, 201981, Marketplace Alioth 16, 73d
12.24, 187163, Marketplace Alioth 16, 73d
11.67, 200444, Marketplace Alioth 16, 73d
15, 15787, Marketplace Alioth 17, 7d
11.67, 29603, Marketplace Alioth 17, 73d
11.94, 85426, Marketplace Alioth 18, 73d
12.60, 15802, Marketplace Alioth 18, 29d
11.67, 200444, Marketplace Alioth 18, 73d
10, 36810, Marketplace Alioth 19, 29d
14.50, 26998, Marketplace Alioth 20, 34h
11.67, 71731, Marketplace Alioth 20, 73d
12.33, 200003, Marketplace Feli 1, 73d
11.94, 201981, Marketplace Feli 1, 73d
12.24, 200035, Marketplace Feli 1, 73d
11.67, 200444, Marketplace Feli 1, 73d
12.33, 200003, Marketplace Feli 1, 73d
12.33, 108373, Marketplace Feli 2, 73d
11.94, 201981, Marketplace Feli 2, 73d
12.24, 200035, Marketplace Feli 2, 73d
11.67, 200444, Marketplace Feli 2, 73d
11.67, 200444, Marketplace Feli 3, 73d
12.24, 200035, Marketplace Feli 3, 73d
12.33, 200003, Marketplace Feli 3, 73d
12.50, 126108, Marketplace Feli 3, 73d
12.75, 15000, Marketplace Feli 3, 7d
11.94, 201981, Marketplace Feli 3, 73d
11.67, 200444, Marketplace Feli 4, 73d
12.24, 200035, Marketplace Feli 4, 73d
12.33, 162407, Marketplace Feli 4, 73d
11.94, 201981, Marketplace Feli 4, 73d
11.94, 201981, Marketplace Feli 5, 73d
12.24, 200035, Marketplace Feli 5, 73d
11.67, 200444, Marketplace Feli 5, 73d
12.33, 200003, Marketplace Feli 5, 73d
12.50, 179306, Marketplace Feli 5, 73d
12.50, 101730, Marketplace Feli 6, 73d
11.67, 200444, Marketplace Feli 6, 73d
11.94, 201981, Marketplace Feli 6, 73d
12.33, 200003, Marketplace Feli 6, 73d
12.24, 200035, Marketplace Feli 6, 73d
11.94, 201981, Marketplace lon 1, 73d
12.24, 200035, Marketplace lon 1, 73d
11.67, 200444, Marketplace lon 1, 73d
12.33, 192208, Marketplace lon 1, 73d
11.94, 201981, Marketplace lon 2, 73d
11.67, 200444, Marketplace lon 2, 73d
12.33, 171504, Marketplace lon 2, 73d
12.24, 200035, Marketplace lon 2, 73d
11.67, 200444, Marketplace lon 3, 73d
11.94, 201981, Marketplace lon 3, 73d
12.24, 3684, Marketplace lon 3, 73d
12.24, 200035, Marketplace lon 4, 73d
12.33, 200003, Marketplace lon 4, 73d
11.67, 200444, Marketplace lon 4, 73d
12.50, 37448, Marketplace lon 4, 73d
11.94, 201981, Marketplace lon 4, 73d
12.50, 201320, Marketplace lon 5, 73d
12.33, 200003, Marketplace lon 5, 73d
11.67, 200444, Marketplace lon 5, 73d
11.94, 201981, Marketplace lon 5, 73d
12.24, 200035, Marketplace lon 5, 73d
11.67, 200444, Marketplace lon 6, 73d
12.24, 173339, Marketplace lon 6, 73d
11.94, 201981, Marketplace lon 6, 73d
12.33, 91973, Marketplace lon 6, 73d
11.94, 201981, Marketplace Jago 1, 73d
12.24, 200035, Marketplace Jago 1, 73d
11.67, 200444, Marketplace Jago 1, 73d
12.33, 178257, Marketplace Jago 1, 73d
12.33, 158022, Marketplace Jago 2, 73d
11.94, 201981, Marketplace Jago 2, 73d
11.67, 200444, Marketplace Jago 2, 73d
12.24, 200035, Marketplace Jago 2, 73d
25, 6046, Marketplace Jago 3, 2d
12.24, 134638, Marketplace Jago 3, 73d
11.94, 201981, Marketplace Jago 3, 73d
11.67, 200444, Marketplace Jago 3, 73d
11.94, 201981, Marketplace Jago 4, 73d
12.33, 109124, Marketplace Jago 4, 73d
12.24, 200035, Marketplace Jago 4, 73d
11.67, 200444, Marketplace Jago 4, 73d
11.94, 201981, Marketplace Jago 5, 73d
11.67, 200385, Marketplace Jago 5, 73d
12.24, 136844, Marketplace Jago 5, 73d
11.67, 200444, Marketplace Jago 6, 73d
12.50, 112893, Marketplace Jago 6, 73d
12.33, 200003, Marketplace Jago 6, 73d
11.94, 201981, Marketplace Jago 6, 73d
12.24, 200035, Marketplace Jago 6, 73d
11.67, 200444, Marketplace Lacobus 1, 73d
11.94, 201981, Marketplace Lacobus 1, 73d
12.24, 200035, Marketplace Lacobus 1, 73d
12.33, 200003, Marketplace Lacobus 1, 73d
12.50, 160165, Marketplace Lacobus 1, 73d
11.67, 200444, Marketplace Lacobus 2, 73d
11.94, 201981, Marketplace Lacobus 2, 73d
12.33, 200003, Marketplace Lacobus 2, 73d
12.24, 200035, Marketplace Lacobus 2, 73d
12.50, 178888, Marketplace Lacobus 2, 73d
11.94, 201981, Marketplace Lacobus 3, 73d
0, 4000, Marketplace Lacobus 3, 64d
11.67, 200444, Marketplace Lacobus 3, 73d
12.33, 200003, Marketplace Lacobus 3, 73d
12.50, 100276, Marketplace Lacobus 3, 73d
12.24, 200035, Marketplace Lacobus 3, 73d
11.67, 200444, Marketplace Lacobus 4, 73d
12.50, 133103, Marketplace Lacobus 4, 73d
11.94, 201981, Marketplace Lacobus 4, 73d
12.33, 200003, Marketplace Lacobus 4, 73d
12.24, 200035, Marketplace Lacobus 4, 73d
12.24, 200035, Marketplace Lacobus 5, 73d
12.33, 136925, Marketplace Lacobus 5, 73d
11.67, 200444, Marketplace Lacobus 5, 73d
11.94, 201981, Marketplace Lacobus 5, 73d
12.50, 100000, Marketplace Lacobus 5, 25d
13, 100000, Marketplace Lacobus 5, 27d
12.24, 96290, Marketplace Lacobus 6, 73d
11.67, 200444, Marketplace Lacobus 6, 73d
11.94, 201981, Marketplace Lacobus 6, 73d
10, 231339, Marketplace Madis 1, 6d
5, 120664, Marketplace Madis 1, 29d
5, 167836, Marketplace Madis 2, 23d
10, 224006, Marketplace Madis 2, 6d
10, 300000, Marketplace Madis 3, 6d
8, 71224, Marketplace Madis 3, 82d
10, 1445, Marketplace Madis 3, 3d
6, 39571, Marketplace Madis 4, 23d
10.01, 150993, Marketplace Madis 4 88, d
5, 93890, Marketplace Madis 4, 82d
10, 300000, Marketplace Madis 4, 6d
10, 250899, Marketplace Madis 5, 6d
9, 81019, Marketplace Madis 5 88, d
5, 145682, Marketplace Madis 6, 29d
10, 300000, Marketplace Madis 6, 6d
11.67, 200444, Marketplace Sicari 1, 73d
11.94, 201981, Marketplace Sicari 1, 73d
12.24, 27104, Marketplace Sicari 1, 73d
11.67, 58731, Marketplace Sicari 2, 73d
12.24, 200035, Marketplace Sicari 3, 73d
11.67, 200444, Marketplace Sicari 3, 73d
11.94, 201981, Marketplace Sicari 3, 73d
12.50, 191672, Marketplace Sicari 3, 73d
12.33, 200003, Marketplace Sicari 3, 73d
12.50, 201560, Marketplace Sicari 4, 73d
11.67, 200444, Marketplace Sicari 4, 73d
11.94, 201981, Marketplace Sicari 4, 73d
12.24, 200035, Marketplace Sicari 4, 73d
12.33, 200003, Marketplace Sicari 4, 73d
12.24, 200035, Marketplace Sicari 5, 73d
12.50, 159231, Marketplace Sicari 5, 73d
12.24, 200035, Marketplace Sicari 5, 73d
12.33, 200003, Marketplace Sicari 5, 73d
11.94, 201981, Marketplace Sicari 5, 73d
11.94, 201981, Marketplace Sicari 6, 73d
11.67, 200444, Marketplace Sicari 6, 73d
12.24, 86371, Marketplace Sicari 6, 73d
12.33, 184879, Marketplace Sicari 6, 73d
12.50, 198633, Marketplace Sinnen 1, 73d
12.24, 200035, Marketplace Sinnen 1, 73d
12.33, 200003, Marketplace Sinnen 1, 73d
11.94, 201981, Marketplace Sinnen 1, 73d
11.67, 200444, Marketplace Sinnen 1, 73d
11.67, 200444, Marketplace Sinnen 2, 73d
12.33, 195745, Marketplace Sinnen 2, 73d
11.94, 201981, Marketplace Sinnen 2, 73d
12.24, 200035, Marketplace Sinnen 2, 73d
11.67, 200444, Marketplace Sinnen 3, 73d
11.94, 201981, Marketplace Sinnen 3, 73d
12.33, 200003, Marketplace Sinnen 3, 73d
12.24, 200035, Marketplace Sinnen 3, 73d
12.50, 180110, Marketplace Sinnen 3, 73d
12.33, 200003, Marketplace Sinnen 4, 73d
11.94, 201981, Marketplace Sinnen 4, 73d
12.24, 200035, Marketplace Sinnen 4, 73d
12.50, 201260, Marketplace Sinnen 4, 73d
11.67, 200444, Marketplace Sinnen 4, 73d
11.94, 201981, Marketplace Sinnen 5, 73d
12.24, 200035, Marketplace Sinnen 5, 73d
12.50, 200230, Marketplace Sinnen 5, 73d
11.67, 200444, Marketplace Sinnen 5, 73d
12.33, 200003, Marketplace Sinnen 5, 73d
12.24, 200035, Marketplace Sinnen 6, 73d
12.50, 128197, Marketplace Sinnen 6, 73d
11.94, 201981, Marketplace Sinnen 6, 73d
11.67, 200444, Marketplace Sinnen 6, 73d
12.33, 200003, Marketplace Sinnen 6, 73d
11.94, 201981, Marketplace Symeon 1, 73d
12.24, 200035, Marketplace Symeon 1, 73d
12.33, 200003, Marketplace Symeon 1, 73d
11.67, 200444, Marketplace Symeon 1, 73d
12.50, 163086, Marketplace Symeon 1, 73d
11.67, 200444, Marketplace Symeon 2, 73d
12.33, 200003, Marketplace Symeon 2, 73d
11.94, 201981, Marketplace Symeon 2, 73d
12.50, 142033, Marketplace Symeon 2, 73d
12.24, 200035, Marketplace Symeon 2, 73d
11.94, 201981, Marketplace Symeon 3, 73d
12.24, 200035, Marketplace Symeon 3, 73d
11.67, 200444, Marketplace Symeon 3, 73d
12.33, 200003, Marketplace Symeon 3, 73d
12.50, 201560, Marketplace Symeon 3, 73d
11.67, 200444, Marketplace Symeon 4, 73d
11.94, 201981, Marketplace Symeon 4, 73d
12.24, 200035, Marketplace Symeon 4, 73d
12.33, 137139, Marketplace Symeon 4, 73d
12.24, 200035, Marketplace Symeon 5, 73d
11.67, 200444, Marketplace Symeon 5, 73d
12.50, 68247, Marketplace Symeon 5, 73d
11.94, 201981, Marketplace Symeon 5, 73d
12.33, 200003, Marketplace Symeon 5, 73d
12.50, 201560, Marketplace Symeon 6, 73d
11.94, 201981, Marketplace Symeon 6, 73d
12.24, 200035, Marketplace Symeon 6, 73d
12.33, 200003, Marketplace Symeon 6, 73d
11.67, 200444, Marketplace Symeon 6, 73d
12.50, 39918, Marketplace Talemai 1, 73d
11.94, 201981, Marketplace Talemai 1, 73d
12.24, 200035, Marketplace Talemai 1, 73d
12.50, 39918, Marketplace Talemai 1, 73d
12.33, 200003, Marketplace Talemai 1, 73d
12, 63087, Marketplace Talemai 2, 5d
12.50, 158595, Marketplace Talemai 3, 73d
11.67, 200444, Marketplace Talemai 3, 73d
11.94, 201981, Marketplace Talemai 3, 73d
12.24, 200035, Marketplace Talemai 3, 73d
12.33, 200003, Marketplace Talemai 3, 73d
12.51, 32133, Marketplace Talemai 4, 6d
12.50, 30420, Marketplace Talemai 4, 73d
12.24, 200035, Marketplace Talemai 4, 73d
12.33, 200003, Marketplace Talemai 4, 73d
11.67, 200444, Marketplace Talemai 4, 73d
11.94, 201981, Marketplace Talemai 4, 73d
12.33, 30632, Marketplace Talemai 5, 73d
12.24, 200035, Marketplace Talemai 5, 73d
11.94, 201981, Marketplace Talemai 5, 73d
11.67, 200444, Marketplace Talemai 5, 73d
12.34, 64729, Marketplace Talemai 5, 112 min
11.67, 200444, Marketplace Talemai 6, 73d
11.94, 192101, Marketplace Talemai 6, 73d
12.51, 19047, Marketplace Talemai 6, 6d
12.24, 200035, Marketplace Teoma 1, 73d
12.33, 200003, Marketplace Teoma 1, 73d
11.94, 201981, Marketplace Teoma 1, 73d
12.50, 90635, Marketplace Teoma 1, 73d
13.11, 11860, Marketplace Teoma 1, 46h
13.11, 164151, Marketplace Teoma 1, 6d
11.67, 200444, Marketplace Teoma 1, 73d
12.24, 200035, Marketplace Teoma 2, 73d
11.67, 200444, Marketplace Teoma 2, 73d
12.50, 151169, Marketplace Teoma 2, 73d
12.33, 200003, Marketplace Teoma 2, 73d
11.94, 201981, Marketplace Teoma 2, 73d
12.24, 159243, Marketplace Teoma 3, 73d
11.67, 200444, Marketplace Teoma 3, 73d
11.94, 201981, Marketplace Teoma 3, 73d
11.67, 200444, Marketplace Teoma 4, 73d
12.33, 200003, Marketplace Teoma 4, 73d
11.94, 201981, Marketplace Teoma 4, 73d
12.24, 200035, Marketplace Teoma 4, 73d
12.50, 158521, Marketplace Teoma 4, 73d
0, 10000000, Marketplace Teoma 5, 69d
11.94, 201981, Marketplace Teoma 5, 73d
11.67, 200444, Marketplace Teoma 5, 73d
12.33, 200003, Marketplace Teoma 5, 73d
12.50, 147480, Marketplace Teoma 5, 73d
12.24, 200035, Marketplace Teoma 5, 73d
11.67, 200444, Marketplace Teoma 6, 73d
11.94, 201981, Marketplace Teoma 6, 73d
12.33, 85689, Marketplace Teoma 6, 73d
12.24, 200035, Marketplace Teoma 6, 73d
11.67, 199815, Marketplace Thades 1, 73d
12.24, 178106, Marketplace Thades 2, 73d
11.94, 201981, Marketplace Thades 2, 73d
11.67, 200444, Marketplace Thades 2, 73d
11.94, 165371, Marketplace Thades 3, 73d
11.67, 200444, Marketplace Thades 3, 73d
11.94, 201981, Marketplace Thades 4, 73d
11.67, 200444, Marketplace Thades 4, 73d
12.33, 101927, Marketplace Thades 4, 73d
13, 29511, Marketplace Thades 4, 29d
12.24, 191528, Marketplace Thades 4, 73d
11.67, 200444, Marketplace Thades 5, 73d
12, 40000, Marketplace Thades 5, 3d
11.94, 201981, Marketplace Thades 6, 73d
11.67, 200444, Marketplace Thades 6, 73d
12.33, 200003, Marketplace Thades 6, 73d
12.24, 200035, Marketplace Thades 6, 73d
12.50, 14894, Marketplace Thades 6, 73d
0.01, 20000, Sanctuary 1 Marketplace, 90d
12.50, 1037, Sanctuary 1 Marketplace, 73d
12.24, 200035, Sanctuary 1 Marketplace, 73d
11.94, 200910, Sanctuary 1 Marketplace, 73d
12.33, 200003, Sanctuary 1 Marketplace, 73d
11.67, 200444, Sanctuary 1 Marketplace, 73d
11.67, 200444, Sanctuary 10 Marketplace, 73d
0.01, 500000, Sanctuary 10 Marketplace, 66d
12.33, 616, Sanctuary 10 Marketplace, 73d
12.55, 12000, Sanctuary 10 Marketplace, 18h
13.71, 20000, Sanctuary 10 Marketplace, 89d
13.50, 6307, Sanctuary 10 Marketplace, 26d
13.80, 4500, Sanctuary 10 Marketplace, 20h
12.50, 15078, Sanctuary 10 Marketplace, 87d
13.81, 20000, Sanctuary 10 Marketplace, 20h
13.75, 3920, Sanctuary 10 Marketplace, 3d
13.83, 9939, Sanctuary 10 Marketplace, 90d
12.51, 10000, Sanctuary 10 Marketplace, 5d
13.74, 20315, Sanctuary 10 Marketplace, 26d
13.82, 17243, Sanctuary 10 Marketplace, 2d
12.24, 200035, Sanctuary 10 Marketplace, 73d
11.94, 201981, Sanctuary 10 Marketplace, 73d
12.90, 8464, Sanctuary 2 Marketplace, 87d
12.50, 74057, Sanctuary 2 Marketplace, 73d
12.91, 30273, Sanctuary 2 Marketplace, 27d
11.67, 200444, Sanctuary 2 Marketplace, 73d
12.24, 200035, Sanctuary 2 Marketplace, 73d
11.94, 201981, Sanctuary 2 Marketplace, 73d
12.33, 200003, Sanctuary 2 Marketplace, 73d
13, 703, Sanctuary 3 Marketplace, 63d
12.33, 200003, Sanctuary 3 Marketplace, 73d
13, 2893, Sanctuary 3 Marketplace, 77d
0.01, 20000, Sanctuary 3 Marketplace, 90d
0.01, 50000, Sanctuary 3 Marketplace, 66d
11.67, 200444, Sanctuary 3 Marketplace, 73d
13.21, 2940, Sanctuary 3 Marketplace, 17h
19.20, 48330, Sanctuary 3 Marketplace, 22h
11.94, 201981, Sanctuary 3 Marketplace, 73d
12.50, 92312, Sanctuary 3 Marketplace, 73d
13.20, 2723, Sanctuary 3 Marketplace, 16h
12.24, 200035, Sanctuary 3 Marketplace, 73d
16, 8060, Sanctuary 4 Marketplace, 6d
5, 5000, Sanctuary 4 Marketplace, 4d
11.67, 200444, Sanctuary 4 Marketplace, 73d
12.24, 200035, Sanctuary 4 Marketplace, 73d
16.01, 9607, Sanctuary 4 Marketplace, 20h
11.94, 201981, Sanctuary 4 Marketplace, 73d
13.50, 12000, Sanctuary 4 Marketplace, 26d
12.33, 200003, Sanctuary 4 Marketplace, 73d
12.50, 103335, Sanctuary 4 Marketplace, 73d
12.33, 200003, Sanctuary 5 Marketplace, 73d
12.24, 200035, Sanctuary 5 Marketplace, 73d
12.51, 54960, Sanctuary 5 Marketplace, 89d
12.40, 5000, Sanctuary 5 Marketplace 86, d
15, 30000, Sanctuary 5 Marketplace, 18h
12.63, 2583, Sanctuary 5 Marketplace, 43h
11.67, 200444, Sanctuary 5 Marketplace, 73d
18, 1162, Sanctuary 5 Marketplace, 6d
7, 12000, Sanctuary 5 Marketplace, 89d
0.01, 20000, Sanctuary 5 Marketplace, 90d
12.50, 22517, Sanctuary 5 Marketplace, 73d
12.52, 100000, Sanctuary 5 Marketplace, 89d
18.01, 5442, Sanctuary 5 Marketplace, 20h
11.94, 201981, Sanctuary 5 Marketplace, 73d
12.24, 200035, Sanctuary 5 Marketplace, 73d
10, 10000, Sanctuary 6 Marketplace, 7d
12.56, 8169, Sanctuary 6 Marketplace, 6d
0.01, 20000, Sanctuary 6 Marketplace, 90d
11.67, 200444, Sanctuary 6 Marketplace, 73d
12.58, 15877, Sanctuary 6 Marketplace, 16h
15, 4370, Sanctuary 6 Marketplace, 7d
12.57, 9003, Sanctuary 6 Marketplace, 89d
11.94, 201981, Sanctuary 6 Marketplace, 73d
12.24, 63276, Sanctuary 6 Marketplace, 73d
14.01, 1912, Sanctuary 7 Marketplace, 6d
11.94, 201981, Sanctuary 7 Marketplace, 73d
14, 5000, Sanctuary 7 Marketplace, 89d
14.02, 4392, Sanctuary 7 Marketplace, 20h
12.50, 14431, Sanctuary 7 Marketplace, 29d
11.67, 175455, Sanctuary 7 Marketplace, 73d
12.24, 195534, Sanctuary 7 Marketplace, 73d
11.67, 200444, Sanctuary 8 Marketplace, 73d
12.33, 200003, Sanctuary 8 Marketplace, 73d
12.24, 200035, Sanctuary 8 Marketplace, 73d
11.94, 201981, Sanctuary 8 Marketplace, 73d
12.51, 16374, Sanctuary 8 Marketplace, 3h
12.50, 79247, Sanctuary 8 Marketplace, 73d
13.67, 10416, Sanctuary 9 Marketplace, 3d
12, 100000, Sanctuary 9 Marketplace, 69d
13.90, 17012, Sanctuary 9 Marketplace, 2d
12.75, 12000, Sanctuary 9 Marketplace, 35h
0.01, 100000, Sanctuary 9 Marketplace, 82d
15.05, 60478, Sanctuary 9 Marketplace, 7d
13.91, 65000, Sanctuary 9 Marketplace, 7d
11.67, 200444, Sanctuary 9 Marketplace, 73d
11.94, 201981, Sanctuary 9 Marketplace, 73d
12.33, 200003, Sanctuary 9 Marketplace, 73d
12.50, 155455, Sanctuary 9 Marketplace, 73d
13.80, 19022, Sanctuary 9 Marketplace, 26d
12.24, 200035, Sanctuary 9 Marketplace, 73d
15, 2769, Sanctuary 9 Marketplace, 2d
0.01, 100000, Sanctuary 9 Marketplace, 63d
15.01, 17133, Sanctuary 9 Marketplace, 20h
13.71, 20691, Sanctuary 9 Marketplace, 4d
