70, 4027, District 1 Marketplace, 5d
78.17, 200052, District 1 Marketplace, 73d
77.95, 200646, District 1 Marketplace, 73d
500, 80, District 1 Marketplace, 63d
77.34, 200960, District 1 Marketplace, 73d
75, 201057, District 1 Marketplace, 73d
500, 80, District 1 Marketplace, 63d
77.95, 200646, District 1 Marketplace, 73d
76.48, 201412, District 10 Marketplace, 73d
35, 3350, District 10 Marketplace, 6d
40, 2504, District 10 Marketplace, 89d
77.95, 200646, District 10 Marketplace, 73d
77.34, 200960, District 10 Marketplace, 73d
56, 3000, District 10 Marketplace, 87d
7990, 360, District 10 Marketplace, 15d
78.17, 200052, District 10 Marketplace, 73d
75, 201357, District 10 Marketplace, 73d
20, 53568, District 10 Marketplace, 3d
76.48, 201412, District 2 Marketplace, 73d
75, 201357, District 2 Marketplace, 73d
56, 4000, District 2 Marketplace, 87d
77.95, 200646, District 2 Marketplace, 73d
15, 10281, District 2 Marketplace, 2d
15, 10281, District 2 Marketplace, 2d
4, 200, District 2 Marketplace, 72d
15, 231, District 2 Marketplace, 30h
77.34, 200960, District 2 Marketplace, 73d
78.17, 200052, District 2 Marketplace, 73d
77.34, 200960, District 3 Marketplace, 73d
76.48, 201412, District 3 Marketplace, 73d
77.95, 200646, District 3 Marketplace, 73d
15, 2801, District 3 Marketplace, 27d
75, 201357, District 3 Marketplace, 73d
17, 3500, District 3 Marketplace, 2d
50000, 14, District 3 Marketplace, 79d
78.17, 200052, District 3 Marketplace, 73d
19, 1080, District 3 Marketplace, 23d
14.98, 24350, District 3 Marketplace, 38h
14.70, 5001, District 3 Marketplace, 29d
23, 45262, District 3 Marketplace, 6d
40, 3000, District 3 Marketplace, 22d
15.50, 3800, District 3 Marketplace, 6d
16, 4509, District 3 Marketplace 86, d
125000, 8, District 3 Marketplace, 79d
19.50, 920, District 3 Marketplace, 77 min
62858, 10, District 3 Marketplace, 3d
62858, 10, District 3 Marketplace, 3d
58, 4600, District 3 Marketplace, 78 min
18, 105, District 3 Marketplace, 30h
78.17, 200052, District 4 Marketplace, 73d
76.48, 201412, District 4 Marketplace, 73d
77.95, 200646, District 4 Marketplace, 73d
75, 201350, District 4 Marketplace, 73d
77.34, 200960, District 4 Marketplace, 73d
56, 3000, District 4 Marketplace, 87d
14, 240, District 4 Marketplace, 6d
16, 3439, District 4 Marketplace, 3d
16, 4500, District 4 Marketplace, 3d
14, 264, District 4 Marketplace, 6d
57, 1184, District 4 Marketplace, 36h
15, 4775, District 4 Marketplace, 25d
81, 89, District 4 Marketplace, 20d
16.50, 20000, District 5 Marketplace, 5d
76.48, 201412, District 5 Marketplace, 73d
14.50, 3494, District 5 Marketplace, 7d
15, 9732, District 5 Marketplace, 89d
77.95, 200646, District 5 Marketplace, 73d
75, 201357, District 5 Marketplace, 73d
19, 1560, District 5 Marketplace, 23d
77.34, 200960, District 5 Marketplace, 73d
58.01, 73, District 5 Marketplace, 23d
19, 1560, District 5 Marketplace, 23d
16, 214715, District 6 Marketplace, 7d
26, 20235, District 6 Marketplace, 78d
77.95, 200646, District 6 Marketplace, 73d
75, 201357, District 6 Marketplace, 73d
50, 15112, District 6 Marketplace, 14d
25, 20402, District 6 Marketplace, 78d
78.17, 200052, District 6 Marketplace, 73d
77.34, 200960, District 6 Marketplace, 73d
21, 4166, District 6 Marketplace, 26d
76.48, 201412, District 6 Marketplace, 73d
24, 218, District 6 Marketplace, Sh
15, 2673, District 6 Marketplace, 44h
13, 34661, District 6 Marketplace, 24h
20.98, 2200, District 6 Marketplace, 6d
16, 260, District 7 Marketplace, 26h
77.34, 200960, District 7 Marketplace, 73d
78.17, 200052, District 7 Marketplace, 73d
923, 11, District 7 Marketplace, 3d
20, 29000, District 7 Marketplace 86, d
16, 140529, District 7 Marketplace, 2d
16, 140529, District 7 Marketplace, 2d
75, 201357, District 7 Marketplace, 73d
59.88, 3728, District 7 Marketplace BO, d
16, 6226, District 7 Marketplace, 37h
76.48, 201412, District 7 Marketplace, 73d
20, 80682, District 7 Marketplace, 5d
77.95, 200646, District 7 Marketplace, 73d
16, 2822, District 7 Marketplace, 26h
15, 200173, District 7 Marketplace, 7d
16, 4340, District 7 Marketplace, 26h
77.34, 200960, District 8 Marketplace, 73d
77.95, 200646, District 8 Marketplace, 73d
17.49, 106144, District 8 Marketplace, 25d
15, 4500, District 8 Marketplace, 6d
13, 440, District 8 Marketplace, 17h
15, 4500, District 8 Marketplace, 6d
14.99, 4700, District 8 Marketplace, 6d
14.99, 4700, District 8 Marketplace, 6d
78.17, 200052, District 8 Marketplace, 73d
14.99, 4700, District 8 Marketplace, 6d
14.99, 4700, District 8 Marketplace, 6d
14.99, 4700, District 8 Marketplace, 6d
14.99, 4700, District 8 Marketplace, 6d
14.99, 4700, District 8 Marketplace, 6d
13, 7074, District 8 Marketplace, 30d
13, 7074, District 8 Marketplace, 30d
14.99, 4700, District 8 Marketplace, 29d
14.99, 4700, District 8 Marketplace, 6d
14, 44011, District 8 Marketplace, 29d
14.99, 4700, District 8 Marketplace, 6d
14.99, 4700, District 8 Marketplace, 6d
14, 6959, District 8 Marketplace, 30d
15, 282, District 8 Marketplace, 26d
14.99, 2153, District 8 Marketplace, 6d
25, 1075, District 8 Marketplace, 13d
14.99, 4700, District 8 Marketplace, 6d
75, 201357, District 8 Marketplace, 73d
75, 201357, District 9 Marketplace, 73d
16, 1113, District 9 Marketplace, 27h
24, 12079, District 9 Marketplace, 3h
14, 145118, District 9 Marketplace, 7d
77.34, 200960, District 9 Marketplace, 73d
55, 60, District 9 Marketplace, 75d
77.95, 200646, District 9 Marketplace, 73d
78.17, 200052, District 9 Marketplace, 73d
78.17, 200052, District 9 Marketplace, 73d
76.48, 201412, District 9 Marketplace, 73d
77.95, 200646, District 9 Marketplace, 73d
77.95, 200646, Marketplace 1 Alioth Moon 1, 73d
77.34, 200960, Marketplace 1 Alioth Moon 1, 73d
76.48, 201412, Marketplace 1 Alioth Moon 1, 73d
75, 201157, Marketplace 1 Alioth Moon 1, 73d
78.17, 200052, Marketplace 1 Alioth Moon 1, 73d
60, 634, Marketplace 1 Alioth Moon 2, Bid
77.95, 200646, Marketplace 1 Alioth Moon 2, 73d
77.34, 200960, Marketplace 1 Alioth Moon 2, 73d
78.17, 200052, Marketplace 1 Alioth Moon 2, 73d
76.48, 201412, Marketplace 1 Alioth Moon 2, 73d
75, 201357, Marketplace 1 Alioth Moon 2, 73d
54.83, 120, Marketplace 1 Alioth Moon 2, 89d
54.90, 120, Marketplace 1 Alioth Moon 2, 89d
12.25, 153466, Marketplace 1 Alioth Moon 2, 44h
12.25, 147164, Marketplace 1 Alioth Moon 2, 44h
77.34, 200960, Marketplace 1 Feli Moon 1, 73d
78.17, 200052, Marketplace 1 Feli Moon 1, 73d
77.95, 200646, Marketplace 1 Feli Moon 1, 73d
76.48, 201412, Marketplace 1 Feli Moon 1, 73d
75, 201357, Marketplace 1 Feli Moon 1, 73d
77.95, 200646, Marketplace 1 lon Moon 1, 73d
75, 201357, Marketplace 1 lon Moon 1, 73d
77.34, 200960, Marketplace 1 lon Moon 1, 73d
78.17, 200052, Marketplace 1 lon Moon 1, 73d
76.48, 201412, Marketplace 1 lon Moon 1, 73d
78.17, 200052, Marketplace 1 lon Moon 2, 73d
76.48, 201412, Marketplace 1 lon Moon 2, 73d
77.95, 200646, Marketplace 1 lon Moon 2, 73d
77.34, 200960, Marketplace 1 lon Moon 2, 73d
75, 201356, Marketplace 1 lon Moon 2, 73d
77.34, 200960, Marketplace 1 Lacobus Moon 1, 73d
76.48, 201412, Marketplace 1 Lacobus Moon 1, 73d
78.17, 200052, Marketplace 1 Lacobus Moon 1, 73d
77.95, 200646, Marketplace 1 Lacobus Moon 1, 73d
75, 201357, Marketplace 1 Lacobus Moon 1, 73d
75, 201357, Marketplace 1 Lacobus Moon 2, 73d
78.17, 200052, Marketplace 1 Lacobus Moon 2, 73d
77.95, 200646, Marketplace 1 Lacobus Moon 2, 73d
76.48, 201412, Marketplace 1 Lacobus Moon 2, 73d
77.34, 200960, Marketplace 1 Lacobus Moon 2, 73d
75, 201357, Marketplace 1 Lacobus Moon 3, 73d
76.48, 201412, Marketplace 1 Lacobus Moon 3, 73d
78.17, 200052, Marketplace 1 Lacobus Moon 3, 73d
77.34, 200960, Marketplace 1 Lacobus Moon 3, 73d
77.95, 200646, Marketplace 1 Lacobus Moon 3, 73d
76.48, 201412, Marketplace 1 Madis Moon 1, 73d
75, 201357, Marketplace 1 Madis Moon 1, 73d
77.34, 200960, Marketplace 1 Madis Moon 1, 73d
77.95, 200646, Marketplace 1 Madis Moon 1, 73d
78.17, 200052, Marketplace 1 Madis Moon 1, 73d
78.17, 200052, Marketplace 1 Madis Moon 2, 73d
77.34, 200960, Marketplace 1 Madis Moon 2, 73d
76.48, 201412, Marketplace 1 Madis Moon 2, 73d
75, 201357, Marketplace 1 Madis Moon 2, 73d
77.95, 200646, Marketplace 1 Madis Moon 2, 73d
78.17, 200052, Marketplace 1 Madis Moon 3, 73d
77.34, 200960, Marketplace 1 Madis Moon 3, 73d
75, 201357, Marketplace 1 Madis Moon 3, 73d
76.48, 201412, Marketplace 1 Madis Moon 3, 73d
77.95, 200646, Marketplace 1 Madis Moon 3, 73d
60, 1314, Marketplace 1 Sinnen Moon 1, 13d
60, 7500, Marketplace 1 Sinnen Moon 1, 76d
78.17, 200052, Marketplace 1 Sinnen Moon 1, 73d
77.34, 200960, Marketplace 1 Sinnen Moon 1, 73d
75, 4295, Marketplace 1 Sinnen Moon 1, 73d
75, 201357, Marketplace 1 Sinnen Moon 1, 73d
60, 1314, Marketplace 1 Sinnen Moon 1, 13d
76.48, 201412, Marketplace 1 Sinnen Moon 1, 73d
75, 201357, Marketplace 1 Talemai Moon 1, 73d
76.48, 201412, Marketplace 1 Talemai Moon 1, 73d
77.34, 200960, Marketplace 1 Talemai Moon 1, 73d
77.95, 200646, Marketplace 1 Talemai Moon 1, 73d
78.17, 200052, Marketplace 1 Talemai Moon 1, 73d
77.34, 200960, Marketplace 1 Talemai Moon 2, 73d
77.95, 200646, Marketplace 1 Talemai Moon 2, 73d
75, 201357, Marketplace 1 Talemai Moon 2, 73d
76.48, 201412, Marketplace 1 Talemai Moon 2, 73d
78.17, 200052, Marketplace 1 Talemai Moon 2, 73d
78.17, 200052, Marketplace 1 Talemai Moon 3, 73d
76.48, 201412, Marketplace 1 Talemai Moon 3, 73d
75, 201357, Marketplace 1 Talemai Moon 3, 73d
77.95, 200646, Marketplace 1 Talemai Moon 3, 73d
77.34, 200960, Marketplace 1 Talemai Moon 3, 73d
75, 199782, Marketplace 1 Thades Moon 1, 73d
78.17, 200052, Marketplace 1 Thades Moon 1, 73d
77.34, 200960, Marketplace 1 Thades Moon 1, 73d
74, 3205, Marketplace 1 Thades Moon 1, 25d
77.95, 200646, Marketplace 1 Thades Moon 1, 73d
76.48, 201412, Marketplace 1 Thades Moon 1, 73d
76.48, 201412, Marketplace 1 Thades Moon 2, 73d
78.17, 200052, Marketplace 1 Thades Moon 2, 73d
77.34, 200960, Marketplace 1 Thades Moon 2, 73d
77.95, 200646, Marketplace 1 Thades Moon 2, 73d
75, 201357, Marketplace 1 Thades Moon 2, 73d
75, 201357, Marketplace 1 Thades Moon 2, 73d
75, 201357, Marketplace 11 Sanctuary, 73d
14, 2353, Marketplace 11 Sanctuary 86, d
60.70, 63, Marketplace 11 Sanctuary, 76d
77.95, 200646, Marketplace 11 Sanctuary, 73d
50, 5000, Marketplace 11 Sanctuary, 7d
50, 140, Marketplace 11 Sanctuary, 18d
50, 140, Marketplace 11 Sanctuary, 18d
77.34, 200960, Marketplace 11 Sanctuary, 73d
78.17, 200052, Marketplace 11 Sanctuary, 73d
62, 120, Marketplace 11 Sanctuary, 7d
64.99, 400, Marketplace 11 Sanctuary, Bd
40, 500, Marketplace 12 Sanctuary Moon, 6d
50, 200, Marketplace 12 Sanctuary Moon, 11d
77.95, 200646, Marketplace 12 Sanctuary Moon, 73d
40, 1532, Marketplace 12 Sanctuary Moon, 5d
76.48, 199412, Marketplace 12 Sanctuary Moon, 73d
54, 140, Marketplace 12 Sanctuary Moon, 33h
55, 30, Marketplace 12 SanctuaryMoon, 23d
78.17, 200052, Marketplace 12 Sanctuary Moon, 73d
75, 201357, Marketplace 12 Sanctuary Moon, 73d
77.34, 200960, Marketplace 12 Sanctuary Moon, 73d
60, 160, Marketplace 12 Sanctuary Moon, 76d
60, 40, Marketplace 13 Sanctuary Moon, 19d
76.48, 201412, Marketplace 13 Sanctuary Moon, 73d
75, 201357, Marketplace 13 Sanctuary Moon, 73d
77.95, 200646, Marketplace 13 Sanctuary Moon, 73d
18, 385, Marketplace 13 Sanctuary Moon, 27d
60, 20, Marketplace 13 Sanctuary Moon, 71d
60, 100, Marketplace 13 Sanctuary Moon, 68d
25, 203, Marketplace 13 Sanctuary Moon, 90d
18, 160, Marketplace 13 Sanctuary Moon, 89d
65, 200, Marketplace 13 Sanctuary Moon, 68d
78.17, 200052, Marketplace 13 Sanctuary Moon, 73d
53.50, 200, Marketplace 14 SanctuaryMoon, 42h
76.48, 201412, Marketplace 14 Sanctuary Moon, 73d
50, 1000, Marketplace 14 SanctuaryMoon, 7d
55, 800, Marketplace 14 SanctuaryMoon, 14d
77.95, 200646, Marketplace 14 Sanctuary Moon, 73d
20, 40, Marketplace 14 Sanctuary Moon, 81d
78.17, 200052, Marketplace 14 Sanctuary Moon, 73d
50, 60, Marketplace 14 Sanctuary Moon, 89d
13, 300, Marketplace 14 SanctuaryMoon, 4h
59, 140, Marketplace 14 Sanctuary Moon, 80d
75, 201357, Marketplace 14 Sanctuary Moon, 73d
77.34, 200960, Marketplace 14 Sanctuary Moon, 73d
20, 20, Marketplace 14 SanctuaryMoon, 62d
54, 60, Marketplace 14 Sanctuary Moon, 28d
19, 195, Marketplace 14 SanctuaryMoon, 2d
54, 140, Marketplace 15 Sanctuary Moon, 26d
76.48, 201412, Marketplace 15 Sanctuary Moon, 73d
78.17, 200052, Marketplace 15 Sanctuary Moon, 73d
77.95, 200646, Marketplace 15 Sanctuary Moon, 73d
75, 201357, Marketplace 15 Sanctuary Moon, 73d
77.34, 200960, Marketplace 15 Sanctuary Moon, 73d
40, 320, Marketplace 15 Sanctuary Moon, 7d
40, 140, Marketplace 15 Sanctuary Moon, 7d
40, 70, Marketplace 16 Sanctuary Moon, 71d
40, 70, Marketplace 16 Sanctuary Moon, 71d
62.14, 195, Marketplace 16 Sanctuary Moon, 10d
78.17, 200052, Marketplace 16 Sanctuary Moon, 73d
75, 201357, Marketplace 16 Sanctuary Moon, 73d
45, 100, Marketplace 16 Sanctuary Moon, 13d
66, 220, Marketplace 16 Sanctuary Moon, 67d
76.48, 201412, Marketplace 16 Sanctuary Moon, 73d
55, 180, Marketplace 16 Sanctuary Moon, 28d
37, 40, Marketplace 16 Sanctuary Moon, 2h
77.95, 200646, Marketplace 16 Sanctuary Moon, 73d
77.34, 200960, Marketplace 16 Sanctuary Moon, 73d
77.34, 200960, Marketplace 17 Sanctuary Moon, 73d
77.95, 200646, Marketplace 17 Sanctuary Moon, 73d
25, 2739, Marketplace 17 Sanctuary Moon, 33h
1400, 40, Marketplace 17 Sanctuary Moon, 7d
1000, 290, Marketplace 17 Sanctuary Moon, 13d
20, 1465, Marketplace 17 Sanctuary Moon, 77d
78.17, 200052, Marketplace 17 Sanctuary Moon, 73d
76.48, 201412, Marketplace 17 Sanctuary Moon, 73d
75, 201357, Marketplace 17 Sanctuary Moon, 73d
77.34, 200960, Marketplace 18 Sanctuary Moon, 73d
76.48, 201412, Marketplace 18 Sanctuary Moon, 73d
77.95, 200646, Marketplace 18 Sanctuary Moon, 73d
60, 400, Marketplace 18 Sanctuary Moon, 81d
78.17, 200052, Marketplace 18 Sanctuary Moon, 73d
50, 320, Marketplace 18 Sanctuary Moon, 17h
75, 200937, Marketplace 18 Sanctuary Moon, 73d
60, 100, Marketplace 19 Sanctuary Moon, 69d
77.95, 200646, Marketplace 19 Sanctuary Moon, 73d
58, 140, Marketplace 19 Sanctuary Moon, 83d
54, 40, Marketplace 19 Sanctuary Moon, 24h
75, 201357, Marketplace 19 Sanctuary Moon, 73d
76.48, 201412, Marketplace 19 Sanctuary Moon, 73d
40, 40, Marketplace 19 Sanctuary Moon, 11d
77.34, 200960, Marketplace 19 Sanctuary Moon, 73d
78.17, 200052, Marketplace 19 Sanctuary Moon, 73d
76.48, 201412, Marketplace 2 Alioth Moon 1, 73d
77.95, 200646, Marketplace 2 Alioth Moon 1, 73d
77.34, 200960, Marketplace 2 Alioth Moon 1, 73d
78.17, 200052, Marketplace 2 Alioth Moon 1, 73d
75, 201353, Marketplace 2 Alioth Moon 1, 73d
75, 201257, Marketplace 2 Alioth Moon 2, 73d
75, 201257, Marketplace 2 Alioth Moon 2, 73d
20, 3065, Marketplace 2 Alioth Moon 2, 5d
76.48, 201412, Marketplace 2 Alioth Moon 2, 73d
77.34, 200960, Marketplace 2 Alioth Moon 2, 73d
78.17, 200052, Marketplace 2 Alioth Moon 2, 73d
76.48, 201412, Marketplace 2 Feli Moon 1, 73d
78.17, 200052, Marketplace 2 Feli Moon 1, 73d
77.34, 200960, Marketplace 2 Feli Moon 1, 73d
77.95, 200646, Marketplace 2 Feli Moon 1, 73d
75, 201357, Marketplace 2 Feli Moon 1, 73d
75, 201357, Marketplace 2 lon Moon 1, 73d
77.95, 200646, Marketplace 2 lon Moon 1, 73d
78.17, 200052, Marketplace 2 lon Moon 1, 73d
77.34, 200960, Marketplace 2 lon Moon 1, 73d
76.48, 201412, Marketplace 2 lon Moon 1, 73d
76.48, 201412, Marketplace 2 lon Moon 2, 73d
78.17, 200052, Marketplace 2 lon Moon 2, 73d
75, 201355, Marketplace 2 lon Moon 2, 73d
77.34, 200960, Marketplace 2 lon Moon 2, 73d
78.17, 200052, Marketplace 2 Lacobus Moon 1, 73d
77.95, 200646, Marketplace 2 Lacobus Moon 1, 73d
76.48, 201412, Marketplace 2 Lacobus Moon 1, 73d
77.34, 200960, Marketplace 2 Lacobus Moon 1, 73d
75, 201357, Marketplace 2 Lacobus Moon 1, 73d
75, 201357, Marketplace 2 Lacobus Moon 1, 73d
75, 201357, Marketplace 2 Lacobus Moon 2, 73d
77.95, 200646, Marketplace 2 Lacobus Moon 2, 73d
77.34, 200960, Marketplace 2 Lacobus Moon 2, 73d
78.17, 200052, Marketplace 2 Lacobus Moon 2, 73d
76.48, 201412, Marketplace 2 Lacobus Moon 2, 73d
77.95, 200646, Marketplace 2 Lacobus Moon 3, 73d
76.48, 201412, Marketplace 2 Lacobus Moon 3, 73d
77.34, 200960, Marketplace 2 Lacobus Moon 3, 73d
78.17, 200052, Marketplace 2 Lacobus Moon 3, 73d
75, 201357, Marketplace 2 Lacobus Moon 3, 73d
78.17, 200052, Marketplace 2 Madis Moon 1, 73d
77.34, 200960, Marketplace 2 Madis Moon 1, 73d
75, 201357, Marketplace 2 Madis Moon 1, 73d
76.48, 201412, Marketplace 2 Madis Moon 1, 73d
77.95, 200646, Marketplace 2 Madis Moon 1, 73d
75, 201357, Marketplace 2 Madis Moon 2, 73d
76.48, 201412, Marketplace 2 Madis Moon 2, 73d
77.95, 200646, Marketplace 2 Madis Moon 2, 73d
78.17, 200052, Marketplace 2 Madis Moon 2, 73d
77.34, 200960, Marketplace 2 Madis Moon 2, 73d
77.34, 200960, Marketplace 2 Madis Moon 3, 73d
77.95, 200646, Marketplace 2 Madis Moon 3, 73d
78.17, 200052, Marketplace 2 Madis Moon 3, 73d
76.48, 201412, Marketplace 2 Madis Moon 3, 73d
75, 201357, Marketplace 2 Madis Moon 3, 73d
78.17, 200052, Marketplace 2 Sinnen Moon 1, 73d
75, 201357, Marketplace 2 Sinnen Moon 1, 73d
77.95, 200646, Marketplace 2 Sinnen Moon 1, 73d
76.48, 201412, Marketplace 2 Sinnen Moon 1, 73d
77.34, 200960, Marketplace 2 Sinnen Moon 1, 73d
75, 201357, Marketplace 2 Talemai Moon 1, 73d
77.34, 200960, Marketplace 2 Talemai Moon 1, 73d
78.17, 200052, Marketplace 2 Talemai Moon 1, 73d
76.48, 201412, Marketplace 2 Talemai Moon 1, 73d
77.95, 200646, Marketplace 2 Talemai Moon 1, 73d
77.95, 200646, Marketplace 2 Talemai Moon 2, 73d
75, 201357, Marketplace 2 Talemai Moon 2, 73d
76.48, 201412, Marketplace 2 Talemai Moon 2, 73d
77.34, 200960, Marketplace 2 Talemai Moon 2, 73d
78.17, 200052, Marketplace 2 Talemai Moon 2, 73d
76.48, 201412, Marketplace 2 Talemai Moon 3, 73d
75, 201357, Marketplace 2 Talemai Moon 3, 73d
77.95, 200646, Marketplace 2 Talemai Moon 3, 73d
77.34, 200960, Marketplace 2 Talemai Moon 3, 73d
78.17, 200052, Marketplace 2 Talemai Moon 3, 73d
76.48, 201412, Marketplace 2 Thades Moon 1, 73d
77.95, 200646, Marketplace 2 Thades Moon 1, 73d
60, 2663, Marketplace 2 Thades Moon 1, 26d
75, 201357, Marketplace 2 Thades Moon 1, 73d
77.34, 200960, Marketplace 2 Thades Moon 1, 73d
78.17, 200052, Marketplace 2 Thades Moon 1, 73d
78.17, 200052, Marketplace 2 Thades Moon 2, 73d
77.34, 200960, Marketplace 2 Thades Moon 2, 73d
77.95, 200646, Marketplace 2 Thades Moon 2, 73d
76.48, 201412, Marketplace 2 Thades Moon 2, 73d
75, 201357, Marketplace 2 Thades Moon 2, 73d
77.95, 200646, Marketplace 20 Sanctuary Moon, 73d
50, 15, Marketplace 20 Sanctuary Moon, 25d
56, 145, Marketplace 20 Sanctuary Moon, 5d
76.48, 201412, Marketplace 20 Sanctuary Moon, 73d
77.34, 200960, Marketplace 20 Sanctuary Moon, 73d
50, 100, Marketplace 20 Sanctuary Moon, 70d
75, 200297, Marketplace 20 Sanctuary Moon, 73d
78.17, 200052, Marketplace 20 Sanctuary Moon, 73d
59, 280, Marketplace 20 Sanctuary Moon, 75d
77.95, 200646, Marketplace Alioth 11, 73d
78.17, 200052, Marketplace Alioth 11, 73d
29, 47366, Marketplace Alioth 11, 21h
77.34, 200960, Marketplace Alioth 11, 73d
15, 5542, Marketplace Alioth 11, 30d
75, 201357, Marketplace Alioth 11, 73d
13.50, 73732, Marketplace Alioth 11, 6d
76.48, 201412, Marketplace Alioth 11, 73d
77.34, 200960, Marketplace Alioth 12, 73d
78.17, 200052, Marketplace Alioth 12, 73d
76.48, 201412, Marketplace Alioth 12, 73d
68, 1000, Marketplace Alioth 12, 73 min
77.95, 200646, Marketplace Alioth 12, 73d
75, 201357, Marketplace Alioth 12, 73d
11, 1000, Marketplace Alioth 13, 7d
78.17, 200052, Marketplace Alioth 13, 73d
76.48, 201412, Marketplace Alioth 13, 73d
77.34, 200960, Marketplace Alioth 13, 73d
77.95, 200646, Marketplace Alioth 13, 73d
75, 201357, Marketplace Alioth 13, 73d
76.48, 201412, Marketplace Alioth 14, 73d
13, 20000, Marketplace Alioth 14, 42h
78.17, 200052, Marketplace Alioth 14, 73d
77.95, 200646, Marketplace Alioth 14, 73d
50, 5000, Marketplace Alioth 14, 22h
19.90, 8000, Marketplace Alioth 14, 27d
75, 201357, Marketplace Alioth 14, 73d
20, 1701, Marketplace Alioth 14, 84d
19.90, 3500, Marketplace Alioth 14, 29d
77.34, 200960, Marketplace Alioth 14, 73d
77.34, 200960, Marketplace Alioth 15, 73d
77.95, 200646, Marketplace Alioth 15, 73d
20, 34352, Marketplace Alioth 15, 5d
15.20, 3390, Marketplace Alioth 15, 6d
100, 4657, Marketplace Alioth 15, 83d
76.48, 201412, Marketplace Alioth 15, 73d
78.17, 200052, Marketplace Alioth 15, 73d
75, 201357, Marketplace Alioth 15, 73d
20, 30489, Marketplace Alioth 15, 5d
20, 5000, Marketplace Alioth 16, 2d
76.48, 201412, Marketplace Alioth 16, 73d
77.95, 200646, Marketplace Alioth 16, 73d
75, 201357, Marketplace Alioth 16, 73d
78.17, 200052, Marketplace Alioth 16, 73d
58, 374, Marketplace Alioth 16, 83d
20, 2000, Marketplace Alioth 16, 14h
20, 5000, Marketplace Alioth 16, 2d
55, 320, Marketplace Alioth 17, 10d
39, 115, Marketplace Alioth 17, 4d
13, 1627, Marketplace Alioth 17, 2d
78.17, 200052, Marketplace Alioth 17, 73d
77.34, 200960, Marketplace Alioth 17, 73d
75, 201357, Marketplace Alioth 17, 73d
63, 210, Marketplace Alioth 17, 11d
13, 3682, Marketplace Alioth 17, 34h
13, 6788, Marketplace Alioth 17, 34h
40, 282, Marketplace Alioth 17, 4d
12, 380, Marketplace Alioth 17, 45h
12.97, 342, Marketplace Alioth 17, 5d
65, 30907, Marketplace Alioth 17, 2d
12.50, 3745, Marketplace Alioth 17, 7d
76.48, 201412, Marketplace Alioth 17, 73d
77.95, 200646, Marketplace Alioth 17, 73d
77.95, 200646, Marketplace Alioth 18, 73d
76.48, 201412, Marketplace Alioth 18, 73d
77.34, 200960, Marketplace Alioth 18, 73d
500, 1000, Marketplace Alioth 18, 2d
78.17, 200052, Marketplace Alioth 18, 73d
75, 201357, Marketplace Alioth 18, 73d
77.95, 200646, Marketplace Alioth 19, 73d
75, 201357, Marketplace Alioth 19, 73d
78.17, 200052, Marketplace Alioth 19, 73d
76.48, 201412, Marketplace Alioth 19, 73d
77.34, 200960, Marketplace Alioth 19, 73d
12, 50, Marketplace Alioth 19, 16h
76.48, 201412, Marketplace Alioth 20, 73d
77.34, 200960, Marketplace Alioth 20, 73d
78.17, 200052, Marketplace Alioth 20, 73d
77.95, 200646, Marketplace Alioth 20, 73d
75, 201307, Marketplace Alioth 20, 73d
77.95, 200646, Marketplace Feli 1, 73d
77.34, 200960, Marketplace Feli 1, 73d
75, 201357, Marketplace Feli 1, 73d
78.17, 200052, Marketplace Feli 1, 73d
76.48, 201412, Marketplace Feli 1, 73d
78.17, 200052, Marketplace Feli 2, 73d
76.48, 201412, Marketplace Feli 2, 73d
75, 201357, Marketplace Feli 2, 73d
77.34, 200960, Marketplace Feli 2, 73d
77.95, 200646, Marketplace Feli 2, 73d
76.48, 201412, Marketplace Feli 3, 73d
78.17, 200052, Marketplace Feli 3, 73d
77.95, 200646, Marketplace Feli 3, 73d
77.34, 200960, Marketplace Feli 3, 73d
75, 201357, Marketplace Feli 3, 73d
78.17, 200052, Marketplace Feli 4, 73d
75, 201357, Marketplace Feli 4, 73d
77.34, 200960, Marketplace Feli 4, 73d
76.48, 201412, Marketplace Feli 4, 73d
77.95, 200646, Marketplace Feli 4, 73d
77.34, 200960, Marketplace Feli 5, 73d
75, 201357, Marketplace Feli 5, 73d
76.48, 201412, Marketplace Feli 5, 73d
77.95, 200646, Marketplace Feli 5, 73d
78.17, 200052, Marketplace Feli 5, 73d
70, 2525, Marketplace Feli 6, 83d
75, 200857, Marketplace Feli 6, 73d
76.48, 201412, Marketplace Feli 6, 73d
78.17, 200052, Marketplace Feli 6, 73d
77.95, 200646, Marketplace Feli 6, 73d
77.34, 200960, Marketplace Feli 6, 73d
75, 201357, Marketplace lon 1, 73d
76.48, 201412, Marketplace lon 1, 73d
77.95, 200646, Marketplace lon 1, 73d
77.34, 200960, Marketplace lon 1, 73d
78.17, 200052, Marketplace lon 1, 73d
78.17, 200052, Marketplace lon 2, 73d
77.95, 200646, Marketplace lon 2, 73d
77.34, 200960, Marketplace lon 2, 73d
75, 201357, Marketplace lon 2, 73d
76.48, 201412, Marketplace lon 2, 73d
75, 200967, Marketplace lon 3, 73d
76.48, 201412, Marketplace lon 3, 73d
77.34, 200960, Marketplace lon 3, 73d
77.95, 200646, Marketplace lon 3, 73d
78.17, 200052, Marketplace lon 3, 73d
77.95, 200646, Marketplace lon 4, 73d
77.34, 200960, Marketplace lon 4, 73d
78.17, 200052, Marketplace lon 4, 73d
75, 201357, Marketplace lon 4, 73d
76.48, 201412, Marketplace lon 4, 73d
77.95, 200646, Marketplace lon 5, 73d
75, 201357, Marketplace lon 5, 73d
76.48, 201412, Marketplace lon 5, 73d
77.34, 200960, Marketplace lon 5, 73d
78.17, 200052, Marketplace lon 5, 73d
76.48, 201412, Marketplace lon 6, 73d
77.34, 200960, Marketplace lon 6, 73d
78.17, 200052, Marketplace lon 6, 73d
75, 201357, Marketplace lon 6, 73d
77.95, 200646, Marketplace lon 6, 73d
78.17, 200052, Marketplace Jago 1, 73d
69, 440, Marketplace Jago 1, 11d
69, 960, Marketplace Jago 1, 11d
75, 201357, Marketplace Jago 1, 73d
76.48, 201412, Marketplace Jago 1, 73d
77.34, 200960, Marketplace Jago 1, 73d
77.95, 200646, Marketplace Jago 1, 73d
75, 201357, Marketplace Jago 2, 73d
76.48, 201412, Marketplace Jago 2, 73d
77.95, 200646, Marketplace Jago 2, 73d
77.34, 200960, Marketplace Jago 2, 73d
78.17, 200052, Marketplace Jago 2, 73d
78.17, 200052, Marketplace Jago 3, 73d
75, 201357, Marketplace Jago 3, 73d
77.34, 200960, Marketplace Jago 3, 73d
77.95, 200646, Marketplace Jago 3, 73d
76.48, 201412, Marketplace Jago 3, 73d
78.17, 200052, Marketplace Jago 4, 73d
77.34, 200960, Marketplace Jago 4, 73d
75, 201357, Marketplace Jago 4, 73d
76.48, 201412, Marketplace Jago 4, 73d
77.95, 200646, Marketplace Jago 4, 73d
77.34, 200960, Marketplace Jago 5, 73d
78.17, 200052, Marketplace Jago 5, 73d
75, 201357, Marketplace Jago 5, 73d
76.48, 201412, Marketplace Jago 5, 73d
77.95, 200646, Marketplace Jago 5, 73d
77.34, 200960, Marketplace Jago 6, 73d
77.95, 200646, Marketplace Jago 6, 73d
78.17, 200052, Marketplace Jago 6, 73d
77.34, 200960, Marketplace Jago 6, 73d
76.48, 201412, Marketplace Jago 6, 73d
76.48, 201412, Marketplace Lacobus 1, 73d
77.34, 200960, Marketplace Lacobus 1, 73d
78.17, 200052, Marketplace Lacobus 1, 73d
77.95, 200646, Marketplace Lacobus 1, 73d
75, 201357, Marketplace Lacobus 1, 73d
77.95, 200646, Marketplace Lacobus 2, 73d
76.48, 201412, Marketplace Lacobus 2, 73d
78.17, 200052, Marketplace Lacobus 2, 73d
77.34, 200960, Marketplace Lacobus 2, 73d
75, 201357, Marketplace Lacobus 2, 73d
77.95, 200646, Marketplace Lacobus 3, 73d
77.34, 200960, Marketplace Lacobus 3, 73d
75, 201357, Marketplace Lacobus 3, 73d
78.17, 200052, Marketplace Lacobus 3, 73d
76.48, 201412, Marketplace Lacobus 3, 73d
75, 201357, Marketplace Lacobus 4, 73d
76.48, 201412, Marketplace Lacobus 4, 73d
78.17, 200052, Marketplace Lacobus 4, 73d
77.95, 200646, Marketplace Lacobus 4, 73d
77.34, 200960, Marketplace Lacobus 4, 73d
77.34, 200960, Marketplace Lacobus 5, 73d
78.17, 200052, Marketplace Lacobus 5, 73d
77.95, 200646, Marketplace Lacobus 5, 73d
75, 201357, Marketplace Lacobus 5, 73d
76.48, 201412, Marketplace Lacobus 5, 73d
78.17, 200052, Marketplace Lacobus 6, 73d
75, 201357, Marketplace Lacobus 6, 73d
77.95, 200646, Marketplace Lacobus 6, 73d
76.48, 201412, Marketplace Lacobus 6, 73d
77.34, 200960, Marketplace Lacobus 6, 73d
75, 201357, Marketplace Madis 1, 73d
78.17, 200052, Marketplace Madis 1, 73d
76.48, 201412, Marketplace Madis 1, 73d
77.95, 200646, Marketplace Madis 1, 73d
77.34, 200960, Marketplace Madis 1, 73d
50, 9600, Marketplace Madis 2, 24d
55, 9600, Marketplace Madis 2, 24d
78.17, 200052, Marketplace Madis 2, 73d
77.95, 200646, Marketplace Madis 2, 73d
77.34, 200960, Marketplace Madis 2, 73d
50, 9600, Marketplace Madis 2, 24d
47.50, 9600, Marketplace Madis 2, 24d
76.48, 201412, Marketplace Madis 2, 73d
75, 201357, Marketplace Madis 2, 73d
45, 9600, Marketplace Madis 2, 24d
76.48, 201412, Marketplace Madis 3, 73d
16, 13985, Marketplace Madis 3, 26d
77.95, 200646, Marketplace Madis 3, 73d
77.34, 200960, Marketplace Madis 3, 73d
78.17, 200052, Marketplace Madis 3, 73d
55, 560, Marketplace Madis 3, 2d
75, 201357, Marketplace Madis 3, 73d
50, 300, Marketplace Madis 3, 69d
78.17, 200052, Marketplace Madis 4, 73d
75, 201356, Marketplace Madis 4, 73d
77.95, 200646, Marketplace Madis 4, 73d
12, 10526, Marketplace Madis 4, 25h
15, 9600, Marketplace Madis 4, 21h
15, 56000, Marketplace Madis 4, 87d
100, 10, Marketplace Madis 4, bid
76.48, 201412, Marketplace Madis 4, 73d
77.34, 200960, Marketplace Madis 4, 73d
77.34, 200960, Marketplace Madis 5, 73d
78.17, 200052, Marketplace Madis 5, 73d
77.34, 200960, Marketplace Madis 5, 73d
77.95, 200646, Marketplace Madis 5, 73d
75, 201167, Marketplace Madis 5, 73d
76.48, 201412, Marketplace Madis 5, 73d
19, 4396, Marketplace Madis 5, 37h
78.17, 200052, Marketplace Madis 5, 73d
16.50, 30708, Marketplace Madis 6, 26d
15.50, 4293, Marketplace Madis 6, 21d
75, 201357, Marketplace Madis 6, 73d
77.95, 200646, Marketplace Madis 6, 73d
78.17, 200052, Marketplace Madis 6, 73d
77.34, 200960, Marketplace Madis 6, 73d
16.50, 30708, Marketplace Madis 6, 26d
76.48, 201412, Marketplace Madis 6, 73d
50, 5000, Marketplace Madis 6, Bd
77.34, 200960, Marketplace Sicari 1, 73d
76.48, 201412, Marketplace Sicari 1, 73d
77.95, 200646, Marketplace Sicari 1, 73d
78.17, 200052, Marketplace Sicari 1, 73d
75, 201357, Marketplace Sicari 1, 73d
77.95, 200646, Marketplace Sicari 2, 73d
76.48, 201412, Marketplace Sicari 2, 73d
75, 201357, Marketplace Sicari 2, 73d
78.17, 200052, Marketplace Sicari 2, 73d
77.34, 200960, Marketplace Sicari 2, 73d
77.95, 200646, Marketplace Sicari 3, 73d
76.48, 201412, Marketplace Sicari 3, 73d
75, 201357, Marketplace Sicari 3, 73d
77.34, 200960, Marketplace Sicari 3, 73d
78.17, 200052, Marketplace Sicari 3, 73d
76.48, 201412, Marketplace Sicari 4, 73d
75, 201357, Marketplace Sicari 4, 73d
77.95, 200646, Marketplace Sicari 4, 73d
77.34, 200960, Marketplace Sicari 4, 73d
78.17, 200052, Marketplace Sicari 4, 73d
77.95, 200646, Marketplace Sicari 5, 73d
77.34, 200960, Marketplace Sicari 5, 73d
75, 201357, Marketplace Sicari 5, 73d
78.17, 200052, Marketplace Sicari 5, 73d
76.48, 201412, Marketplace Sicari 5, 73d
78.17, 200052, Marketplace Sicari 6, 73d
77.95, 200646, Marketplace Sicari 6, 73d
75, 201357, Marketplace Sicari 6, 73d
76.48, 201412, Marketplace Sicari 6, 73d
77.34, 200960, Marketplace Sicari 6, 73d
77.34, 200960, Marketplace Sinnen 1, 73d
78.17, 200052, Marketplace Sinnen 1, 73d
75, 201357, Marketplace Sinnen 1, 73d
77.95, 200646, Marketplace Sinnen 1, 73d
76.48, 201412, Marketplace Sinnen 1, 73d
77.34, 200960, Marketplace Sinnen 2, 73d
77.95, 200646, Marketplace Sinnen 2, 73d
78.17, 200052, Marketplace Sinnen 2, 73d
75, 201357, Marketplace Sinnen 2, 73d
76.48, 201412, Marketplace Sinnen 2, 73d
75, 200637, Marketplace Sinnen 3, 73d
76.48, 201412, Marketplace Sinnen 3, 73d
77.95, 200646, Marketplace Sinnen 3, 73d
77.34, 200960, Marketplace Sinnen 3, 73d
78.17, 200052, Marketplace Sinnen 3, 73d
78.17, 200052, Marketplace Sinnen 4, 73d
75, 201357, Marketplace Sinnen 4, 73d
76.48, 201412, Marketplace Sinnen 4, 73d
77.95, 200646, Marketplace Sinnen 4, 73d
77.34, 200960, Marketplace Sinnen 4, 73d
77.34, 200960, Marketplace Sinnen 5, 73d
78.17, 200052, Marketplace Sinnen 5, 73d
77.34, 200960, Marketplace Sinnen 5, 73d
77.95, 200646, Marketplace Sinnen 5, 73d
78.17, 200052, Marketplace Sinnen 5, 73d
76.48, 201412, Marketplace Sinnen 6, 73d
75, 201357, Marketplace Sinnen 6, 73d
77.34, 200960, Marketplace Sinnen 6, 73d
78.17, 200052, Marketplace Sinnen 6, 73d
77.95, 200646, Marketplace Sinnen 6, 73d
78.17, 200052, Marketplace Symeon 1, 73d
77.95, 200646, Marketplace Symeon 1, 73d
75, 201357, Marketplace Symeon 1, 73d
76.48, 201412, Marketplace Symeon 1, 73d
77.34, 200960, Marketplace Symeon 1, 73d
76.48, 201412, Marketplace Symeon 2, 73d
75, 201357, Marketplace Symeon 2, 73d
77.95, 200646, Marketplace Symeon 2, 73d
77.34, 200960, Marketplace Symeon 2, 73d
78.17, 200052, Marketplace Symeon 2, 73d
45, 1414, Marketplace Symeon 3, 3h
75, 201357, Marketplace Symeon 3, 73d
78.17, 200052, Marketplace Symeon 3, 73d
76.48, 201412, Marketplace Symeon 3, 73d
77.34, 200960, Marketplace Symeon 3, 73d
77.95, 200646, Marketplace Symeon 3, 73d
50, 9344, Marketplace Symeon 3, 2h
75, 200857, Marketplace Symeon 4, 73d
78.17, 200052, Marketplace Symeon 4, 73d
77.95, 200646, Marketplace Symeon 4, 73d
77.34, 200960, Marketplace Symeon 4, 73d
76.48, 201412, Marketplace Symeon 4, 73d
76.48, 201412, Marketplace Symeon 5, 73d
75, 201357, Marketplace Symeon 5, 73d
77.34, 200960, Marketplace Symeon 5, 73d
77.95, 200646, Marketplace Symeon 5, 73d
78.17, 200052, Marketplace Symeon 5, 73d
77.34, 200960, Marketplace Symeon 6, 73d
78.17, 200052, Marketplace Symeon 6, 73d
75, 201357, Marketplace Symeon 6, 73d
77.95, 200646, Marketplace Symeon 6, 73d
76.48, 201412, Marketplace Symeon 6, 73d
75, 201357, Marketplace Talemai 1, 73d
77.95, 200646, Marketplace Talemai 1, 73d
77.34, 200960, Marketplace Talemai 1, 73d
76.48, 201412, Marketplace Talemai 1, 73d
78.17, 200052, Marketplace Talemai 1, 73d
77.34, 200960, Marketplace Talemai 2, 73d
77.95, 200646, Marketplace Talemai 2, 73d
75, 201357, Marketplace Talemai 2, 73d
76.48, 201412, Marketplace Talemai 2, 73d
78.17, 200052, Marketplace Talemai 2, 73d
77.34, 200960, Marketplace Talemai 3, 73d
77.95, 200646, Marketplace Talemai 3, 73d
76.48, 201412, Marketplace Talemai 3, 73d
75, 201357, Marketplace Talemai 3, 73d
78.17, 200052, Marketplace Talemai 3, 73d
77.34, 200960, Marketplace Talemai 4, 73d
76.48, 201412, Marketplace Talemai 4, 73d
75, 201357, Marketplace Talemai 4, 73d
77.95, 200646, Marketplace Talemai 4, 73d
78.17, 200052, Marketplace Talemai 4, 73d
78.17, 200052, Marketplace Talemai 5, 73d
76.48, 201412, Marketplace Talemai 5, 73d
77.34, 200960, Marketplace Talemai 5, 73d
77.95, 200646, Marketplace Talemai 5, 73d
75, 201157, Marketplace Talemai 5, 73d
74, 1442, Marketplace Talemai 6, 85d
78.17, 200052, Marketplace Talemai 6, 73d
77.34, 200960, Marketplace Talemai 6, 73d
76.48, 201412, Marketplace Talemai 6, 73d
77.95, 200646, Marketplace Talemai 6, 73d
75, 201357, Marketplace Talemai 6, 73d
76.48, 201412, Marketplace Teoma 1, 73d
75, 201357, Marketplace Teoma 1, 73d
77.95, 200646, Marketplace Teoma 1, 73d
78.17, 200052, Marketplace Teoma 1, 73d
77.34, 200960, Marketplace Teoma 1, 73d
13.11, 26052, Marketplace Teoma 1, 2d
75, 201357, Marketplace Teoma 2, 73d
77.95, 200646, Marketplace Teoma 2, 73d
76.48, 201412, Marketplace Teoma 2, 73d
77.34, 200960, Marketplace Teoma 2, 73d
78.17, 200052, Marketplace Teoma 2, 73d
77.95, 200646, Marketplace Teoma 3, 73d
76.48, 201412, Marketplace Teoma 3, 73d
78.17, 200052, Marketplace Teoma 3, 73d
55, 2000, Marketplace Teoma 3, 38h
55, 2000, Marketplace Teoma 3, 38h
77.34, 200960, Marketplace Teoma 3, 73d
55, 25, Marketplace Teoma 3, 15h
75, 201357, Marketplace Teoma 3, 73d
55, 2419, Marketplace Teoma 3, 38h
55, 2000, Marketplace Teoma 3, 38h
55, 2000, Marketplace Teoma 3, 38h
40, 1000, Marketplace Teoma 4, 5d
40, 1000, Marketplace Teoma 4, 5d
42, 689, Marketplace Teoma 4, 5d
40, 1000, Marketplace Teoma 4, 5d
77.95, 200646, Marketplace Teoma 4, 73d
77.34, 200960, Marketplace Teoma 4, 73d
76.48, 201412, Marketplace Teoma 4, 73d
78.17, 200052, Marketplace Teoma 4, 73d
75, 201357, Marketplace Teoma 4, 73d
49, 2000, Marketplace Teoma 4, 5d
49, 2000, Marketplace Teoma 4, 5d
49, 2000, Marketplace Teoma 4, 5d
49, 2000, Marketplace Teoma 4, 5d
49, 2000, Marketplace Teoma 4, 5d
49, 2000, Marketplace Teoma 4, 5d
49, 2000, Marketplace Teoma 4, 5d
40, 2000, Marketplace Teoma 4, 5d
40, 2000, Marketplace Teoma 4, 5d
40, 2000, Marketplace Teoma 4, 5d
40, 1000, Marketplace Teoma 4, 5d
40, 1000, Marketplace Teoma 4, 5d
40, 1000, Marketplace Teoma 4, 5d
40, 1000, Marketplace Teoma 4, 5d
40, 1000, Marketplace Teoma 4, 5d
77.34, 200960, Marketplace Teoma 5, 73d
75, 201357, Marketplace Teoma 5, 73d
76.48, 201412, Marketplace Teoma 5, 73d
77.95, 200646, Marketplace Teoma 5, 73d
78.17, 200052, Marketplace Teoma 5, 73d
77.95, 200646, Marketplace Teoma 6, 73d
78.17, 200052, Marketplace Teoma 6, 73d
77.34, 200960, Marketplace Teoma 6, 73d
76.48, 201412, Marketplace Teoma 6, 73d
75, 201357, Marketplace Teoma 6, 73d
65, 3106, Marketplace Thades 1, 26d
64.50, 6000, Marketplace Thades 1, 35h
77.95, 200646, Marketplace Thades 1, 73d
64.50, 6000, Marketplace Thades 1, 35h
76.48, 201412, Marketplace Thades 1, 73d
77.34, 200960, Marketplace Thades 1, 73d
78.17, 200052, Marketplace Thades 1, 73d
60, 2000, Marketplace Thades 2, 30d
55, 1000, Marketplace Thades 2, 7d
39, 7185, Marketplace Thades 2, 30d
75, 201357, Marketplace Thades 2, 73d
78.17, 200052, Marketplace Thades 2, 73d
77.34, 200960, Marketplace Thades 2, 73d
77.95, 200646, Marketplace Thades 2, 73d
76.48, 201412, Marketplace Thades 2, 73d
68, 2106, Marketplace Thades 2, 26d
74, 1000, Marketplace Thades 3, 13d
75, 201356, Marketplace Thades 3, 73d
15, 774, Marketplace Thades 3, 26d
77.95, 200646, Marketplace Thades 3, 73d
78.17, 200052, Marketplace Thades 3, 73d
77.34, 200960, Marketplace Thades 3, 73d
76.48, 201412, Marketplace Thades 3, 73d
14.99, 485, Marketplace Thades 3, 87d
68, 4716, Marketplace Thades 4, 26d
40, 4800, Marketplace Thades 4, 6d
76.48, 201412, Marketplace Thades 4, 73d
77.95, 200646, Marketplace Thades 4, 73d
77.34, 200960, Marketplace Thades 4, 73d
78.17, 200052, Marketplace Thades 4, 73d
40, 4800, Marketplace Thades 4, 6d
77.34, 200960, Marketplace Thades 5, 73d
78.17, 200052, Marketplace Thades 5, 73d
76.48, 201412, Marketplace Thades 5, 73d
12, 58, Marketplace Thades 5, 29d
77.95, 200646, Marketplace Thades 5, 73d
75, 201357, Marketplace Thades 5, 73d
77.34, 200960, Marketplace Thades 6, 73d
77.95, 200646, Marketplace Thades 6, 73d
78.17, 200052, Marketplace Thades 6, 73d
76.48, 201412, Marketplace Thades 6, 73d
75, 181357, Marketplace Thades 6, 73d
78.17, 200052, Sanctuary 1 Marketplace, 73d
29, 662, Sanctuary 1 Marketplace, 11h
380, 120, Sanctuary 1 Marketplace, 82d
77.34, 200960, Sanctuary 1 Marketplace, 73d
77.95, 200646, Sanctuary 1 Marketplace, 73d
76.48, 201412, Sanctuary 1 Marketplace, 73d
75, 201357, Sanctuary 1 Marketplace, 73d
55, 29, Sanctuary 1 Marketplace, 4d
100000, 6, Sanctuary 1 Marketplace, 23h
500, 60, Sanctuary 1 Marketplace, 14d
53, 710, Sanctuary 1 Marketplace, 29d
42, 2891, Sanctuary 1 Marketplace, 2d
32, 2728, Sanctuary 1 Marketplace, 2d
22, 110, Sanctuary 1 Marketplace, 5d
28.75, 6500, Sanctuary 1 Marketplace, 44h
22, 40, Sanctuary 1 Marketplace, 3d
500, 580, Sanctuary 1 Marketplace, 63d
500, 380, Sanctuary 1 Marketplace, 63d
61, 150, Sanctuary 10 Marketplace, 73d
50, 140, Sanctuary 10 Marketplace, 2d
35, 300, Sanctuary 10 Marketplace, 44h
12, 200, Sanctuary 10 Marketplace, 16h
12, 260, Sanctuary 10 Marketplace, 7d
50, 200, Sanctuary 10 Marketplace, 4d
60, 380, Sanctuary 10 Marketplace, 79d
60.55, 30, Sanctuary 10 Marketplace, 72d
40, 910, Sanctuary 10 Marketplace, 3d
12, 260, Sanctuary 10 Marketplace, 7d
12, 200, Sanctuary 10 Marketplace, 16h
50, 200, Sanctuary 10 Marketplace, 4d
53.50, 3669, Sanctuary 10 Marketplace, 89d
33, 40, Sanctuary 10 Marketplace, 10h
40, 910, Sanctuary 10 Marketplace, 3d
60.55, 30, Sanctuary 10 Marketplace, 72d
40, 2060, Sanctuary 10 Marketplace, Bid
61, 150, Sanctuary 10 Marketplace, 73d
35, 200, Sanctuary 10 Marketplace, 2d
185.20, 60, Sanctuary 10 Marketplace, 69d
60, 380, Sanctuary 10 Marketplace, 79d
20, 3665, Sanctuary 10 Marketplace, 6d
60, 300, Sanctuary 2 Marketplace, 70d
25.99, 3826, Sanctuary 2 Marketplace, 2d
77.34, 200960, Sanctuary 2 Marketplace, 73d
62, 56, Sanctuary 2 Marketplace, 70d
76.48, 201412, Sanctuary 2 Marketplace, 73d
18, 240, Sanctuary 2 Marketplace, 17h
55, 160, Sanctuary 2 Marketplace, 89d
25.99, 1100, Sanctuary 2 Marketplace, 2d
25.99, 4939, Sanctuary 2 Marketplace, 2d
75, 201357, Sanctuary 2 Marketplace, 73d
40, 2613, Sanctuary 2 Marketplace, 7d
25.99, 413, Sanctuary 2 Marketplace, 2d
77.95, 200646, Sanctuary 2 Marketplace, 73d
78.17, 200052, Sanctuary 2 Marketplace, 73d
39.99, 4780, Sanctuary 2 Marketplace, 46h
39.99, 250, Sanctuary 2 Marketplace, 46h
1250, 60, Sanctuary 2 Marketplace, Sh
58, 2983, Sanctuary 2 Marketplace BO, d
25.99, 2457, Sanctuary 2 Marketplace, 2d
18, 3966, Sanctuary 2 Marketplace, 5d
55, 1120, Sanctuary 2 Marketplace, 25h
77.34, 200960, Sanctuary 3 Marketplace, 73d
76.48, 201412, Sanctuary 3 Marketplace, 73d
2700, 80, Sanctuary 3 Marketplace, 30d
77.95, 200646, Sanctuary 3 Marketplace, 73d
75, 201357, Sanctuary 3 Marketplace, 73d
75, 120, Sanctuary 3 Marketplace, 4h
55, 5, Sanctuary 3 Marketplace, 7d
23, 5413, Sanctuary 3 Marketplace, 24d
54, 80, Sanctuary 3 Marketplace, 40h
16, 2857, Sanctuary 3 Marketplace, Bh
23, 10000, Sanctuary 3 Marketplace, 22d
50, 40, Sanctuary 3 Marketplace, 83d
67, 5, Sanctuary 3 Marketplace, 7d
78.17, 196052, Sanctuary 3 Marketplace, 73d
55, 4920, Sanctuary 3 Marketplace, 30d
52, 60, Sanctuary 3 Marketplace, 25d
10, 5000, Sanctuary 4 Marketplace, 7d
59.99, 90, Sanctuary 4 Marketplace, 78d
78.17, 200052, Sanctuary 4 Marketplace, 73d
150, 630, Sanctuary 4 Marketplace, 3d
50, 56, Sanctuary 4 Marketplace, 7d
77.34, 200960, Sanctuary 4 Marketplace, 73d
77.95, 200646, Sanctuary 4 Marketplace, 73d
76.48, 201412, Sanctuary 4 Marketplace, 73d
75, 201357, Sanctuary 4 Marketplace, 73d
25, 582, Sanctuary 4 Marketplace, 45 min
35, 220, Sanctuary 4 Marketplace, 26d
55, 100, Sanctuary 4 Marketplace, 13d
60, 425, Sanctuary 4 Marketplace, 73d
50, 5000, Sanctuary 5 Marketplace, 7d
55, 420, Sanctuary 5 Marketplace, 3d
56, 260, Sanctuary 5 Marketplace, 6d
76.48, 201412, Sanctuary 5 Marketplace, 73d
55, 100, Sanctuary 5 Marketplace, 17h
4, 5500, Sanctuary 5 Marketplace, 26d
56, 100, Sanctuary 5 Marketplace, 10h
62, 60, Sanctuary 5 Marketplace, 9d
53, 75, Sanctuary 5 Marketplace, 10h
22, 4276, Sanctuary 5 Marketplace, 2d
77.34, 200960, Sanctuary 5 Marketplace, 73d
53, 160, Sanctuary 5 Marketplace, 38h
75, 199567, Sanctuary 5 Marketplace, 73d
53, 180, Sanctuary 5 Marketplace, 2d
50, 830, Sanctuary 5 Marketplace, 82d
4, 49655, Sanctuary 5 Marketplace, 26d
78.17, 200052, Sanctuary 5 Marketplace, 73d
50, 60, Sanctuary 5 Marketplace, 26d
55, 60, Sanctuary 5 Marketplace, Bd
55, 420, Sanctuary 5 Marketplace, 3d
21, 12216, Sanctuary 5 Marketplace, 7d
77.95, 200646, Sanctuary 5 Marketplace, 73d
60, 25, Sanctuary 5 Marketplace, 69d
50, 180, Sanctuary 5 Marketplace, 35h
60, 720, Sanctuary 5 Marketplace, 77d
20, 3370, Sanctuary 5 Marketplace, 20h
20, 3000, Sanctuary 5 Marketplace, 20h
78.17, 200052, Sanctuary 6 Marketplace, 73d
77.34, 200960, Sanctuary 6 Marketplace, 73d
76.48, 201412, Sanctuary 6 Marketplace, 73d
77.95, 200646, Sanctuary 6 Marketplace, 73d
75, 201357, Sanctuary 6 Marketplace, 73d
30, 2147, Sanctuary 6 Marketplace, 6d
12.50, 4503, Sanctuary 6 Marketplace, 6d
25, 60, Sanctuary 6 Marketplace, 38h
50, 404, Sanctuary 6 Marketplace, 76d
54, 560, Sanctuary 6 Marketplace, 64 min
40, 120, Sanctuary 6 Marketplace, bid
15, 200, Sanctuary 6 Marketplace, 30d
55, 20, Sanctuary 6 Marketplace, 26h
50, 40, Sanctuary 6 Marketplace, 83d
50, 1000, Sanctuary 6 Marketplace, 3d
10000, 100, Sanctuary 6 Marketplace, 4d
61, 80, Sanctuary 7 Marketplace, 17d
75, 201357, Sanctuary 7 Marketplace, 73d
50.20, 3180, Sanctuary 7 Marketplace, 7id
76.48, 201412, Sanctuary 7 Marketplace, 73d
65, 360, Sanctuary 7 Marketplace, 70d
55, 120, Sanctuary 7 Marketplace, 27h
12, 875, Sanctuary 7 Marketplace, 3d
77.95, 200646, Sanctuary 7 Marketplace, 73d
45.21, 80, Sanctuary 7 Marketplace, 2d
70, 180, Sanctuary 7 Marketplace, 59d
50, 140, Sanctuary 7 Marketplace, 83d
12.50, 5733, Sanctuary 7 Marketplace, 3d
60, 711, Sanctuary 7 Marketplace, 44h
30, 3076, Sanctuary 7 Marketplace, 2d
60, 140, Sanctuary 7 Marketplace, 7id
78.17, 200052, Sanctuary 7 Marketplace, 73d
77.34, 200960, Sanctuary 7 Marketplace, 73d
78.17, 200052, Sanctuary 8 Marketplace, 73d
55, 200, Sanctuary 8 Marketplace 88, d
25, 4366, Sanctuary 8 Marketplace, 83d
55, 420, Sanctuary 8 Marketplace, 2h
41, 80, Sanctuary 8 Marketplace, 20d
30, 130, Sanctuary 8 Marketplace, 87d
25, 2290, Sanctuary 8 Marketplace, 83d
41, 30, Sanctuary 8 Marketplace BO, d
55, 420, Sanctuary 8 Marketplace, 2h
55, 200, Sanctuary 8 Marketplace 88, d
41, 80, Sanctuary 8 Marketplace, 20d
75, 197209, Sanctuary 8 Marketplace, 73d
76.48, 201412, Sanctuary 8 Marketplace, 73d
78.17, 200052, Sanctuary 8 Marketplace, 73d
77.95, 200646, Sanctuary 8 Marketplace, 73d
55, 656, Sanctuary 8 Marketplace, 26h
58, 60, Sanctuary 8 Marketplace, 22d
38, 4500, Sanctuary 8 Marketplace, 83d
20, 2768, Sanctuary 8 Marketplace, 7h
12, 100, Sanctuary 9 Marketplace, 24h
40, 60, Sanctuary 9 Marketplace, 90d
12, 1800, Sanctuary 9 Marketplace, 22h
61.71, 160, Sanctuary 9 Marketplace, 70d
25, 180, Sanctuary 9 Marketplace, 3d
35, 114, Sanctuary 9 Marketplace, 2d
19.25, 4051, Sanctuary 9 Marketplace, 7d
75, 201357, Sanctuary 9 Marketplace, 73d
76.48, 201412, Sanctuary 9 Marketplace, 73d
77.95, 200646, Sanctuary 9 Marketplace, 73d
77.34, 200960, Sanctuary 9 Marketplace, 73d
78.17, 200052, Sanctuary 9 Marketplace, 73d
20, 4200, Sanctuary 9 Marketplace, 3d
19.25, 5000, Sanctuary 9 Marketplace, 7d
66, 60, Sanctuary 9 Marketplace, 11d
60, 100, Sanctuary 9 Marketplace, 10d
19.90, 10020, Sanctuary 9 Marketplace, 5d
100, 60, Sanctuary 9 Marketplace, 87d
60, 45, Sanctuary 9 Marketplace, 82d
60, 740, Sanctuary 9 Marketplace, 76d
57, 20, Sanctuary 9 Marketplace, 3d
19.50, 80, Sanctuary 9 Marketplace, 6d
77.95, 200646, Sanctuary 9 Marketplace, 73d
